timestamp,dev_eui,event
2026-05-28T09:35:15.894481258+00:00,9e70e30d570f93f5,join
2026-05-28T09:35:31.077195527+00:00,1573451f0dff21d1,join
2026-05-28T09:41:44.295913392+00:00,1573451f0dff21d1,join
2026-05-28T09:41:56.440255787+00:00,1573451f0dff21d1,join
2026-05-28T09:42:08.597150073+00:00,1573451f0dff21d1,join
2026-05-28T10:21:52.753192778+00:00,9e70e30d570f93f5,join
2026-05-28T10:22:04.903836072+00:00,9e70e30d570f93f5,join
2026-05-28T10:22:17.041538648+00:00,9e70e30d570f93f5,join
2026-05-28T10:41:30.125646900+00:00,9e70e30d570f93f5,join
