timestamp,dev_eui,node_id,session_id,f_cnt,tx_count,rx_expected,rx_success,pdr_uplink,pdr_downlink,rssi,snr,link_margin_db,collisions_detected,collision_free,sf,bw_khz,toa_teorico_ms,frequency_mhz,transacao_real_ms,interval_real_ms,airtime_total_ms,retry_count,tx_attempt_count,node_millis,G_window,S_window
2026-05-28T14:07:32.132575546+00:00,9e70e30d570f93f5,1,1,0,0,0,0,100.0,0.0,-19,9.25,110,0,True,10,125.0,616.448,868.5,616,0,0,0,1,13285,,
2026-05-28T14:07:51.971587627+00:00,1573451f0dff21d1,4,1,0,0,0,0,100.0,0.0,-24,12.5,105,0,True,10,125.0,616.448,867.7,616,0,0,0,1,10244,0.0621,0.0621
2026-05-28T14:08:02.497437929+00:00,9e70e30d570f93f5,1,1,1,1,1,0,100.0,0.0,-14,13.25,115,0,True,10,125.0,616.448,868.1,616,30290,616,0,2,43575,0.0609,0.0609
2026-05-28T14:08:28.351274054+00:00,1573451f0dff21d1,4,1,1,1,1,0,100.0,0.0,-26,13.25,103,0,True,10,125.0,616.448,868.3,616,36290,616,0,2,46534,0.0439,0.0439
2026-05-28T14:08:32.830082790+00:00,9e70e30d570f93f5,1,1,2,2,2,0,100.0,0.0,-15,13.5,114,0,True,10,125.0,616.448,868.3,616,30373,1232,0,3,73948,0.0508,0.0508
2026-05-28T14:09:03.165426235+00:00,9e70e30d570f93f5,1,1,3,3,3,0,100.0,0.0,-12,9.0,117,0,True,10,125.0,616.448,868.5,616,30332,1848,0,4,104280,0.0406,0.0406
2026-05-28T14:09:33.492498537+00:00,9e70e30d570f93f5,1,1,4,4,4,0,100.0,0.0,-13,10.0,116,0,True,10,125.0,616.448,868.5,616,30332,2464,0,5,134612,0.0356,0.0356
2026-05-28T14:09:42.150798164+00:00,1573451f0dff21d1,4,1,3,3,3,0,75.0,0.0,-28,12.75,101,1,False,10,125.0,616.448,868.1,616,37514,1848,0,4,120421,0.0427,0.0332
2026-05-28T14:10:03.823951183+00:00,9e70e30d570f93f5,1,1,5,5,5,0,100.0,0.0,-14,12.5,115,0,True,10,125.0,616.448,867.7,616,30332,3080,0,6,164944,0.0406,0.0325
2026-05-28T14:10:18.475367842+00:00,1573451f0dff21d1,4,1,4,4,4,0,80.0,0.0,-27,12.75,102,0,True,10,125.0,616.448,867.9,616,36290,2464,0,5,156711,0.0408,0.0334
2026-05-28T14:10:34.155951406+00:00,9e70e30d570f93f5,1,1,6,6,6,0,100.0,0.0,-15,13.25,114,0,True,10,125.0,616.448,868.3,616,30332,3696,0,7,195276,0.0406,0.0339
2026-05-28T14:10:54.811286132+00:00,1573451f0dff21d1,4,1,5,5,5,0,83.33,0.0,-26,12.75,103,0,True,10,125.0,616.448,867.9,616,36332,3080,0,6,193043,0.0395,0.0335
2026-05-28T14:11:04.491527179+00:00,9e70e30d570f93f5,1,1,7,7,7,0,100.0,0.0,-15,13.0,114,0,True,10,125.0,616.448,867.9,616,30332,4312,0,8,225608,0.0406,0.0348
2026-05-28T14:11:31.176553356+00:00,1573451f0dff21d1,4,1,6,6,6,0,85.71,0.0,-25,9.75,104,0,True,10,125.0,616.448,867.7,616,36332,3696,0,7,229375,0.0387,0.0335
2026-05-28T14:11:34.841384421+00:00,9e70e30d570f93f5,1,1,8,8,8,0,100.0,0.0,-17,12.25,112,0,True,10,125.0,616.448,868.1,616,30332,4928,0,9,255940,0.0406,0.0356
2026-05-28T14:12:05.169054132+00:00,9e70e30d570f93f5,1,1,9,9,9,0,100.0,0.0,-11,8.75,118,0,True,10,125.0,616.448,868.5,616,30332,5544,0,10,286272,0.0384,0.0339
2026-05-28T14:12:07.494328668+00:00,1573451f0dff21d1,4,1,7,7,7,0,87.5,0.0,-26,13.0,103,0,True,10,125.0,616.448,867.9,616,36332,4312,0,8,265707,0.0403,0.0358
2026-05-28T14:12:35.508141769+00:00,9e70e30d570f93f5,1,1,10,10,10,0,100.0,0.0,-15,13.0,114,0,True,10,125.0,616.448,868.3,616,30332,6160,0,11,316604,0.0386,0.0345
2026-05-28T14:12:43.828802451+00:00,1573451f0dff21d1,4,1,8,8,8,0,88.89,0.0,-29,9.75,100,0,True,10,125.0,616.448,868.3,616,36332,4928,0,9,302039,0.0396,0.0356
2026-05-28T14:13:05.844293092+00:00,9e70e30d570f93f5,1,1,11,11,11,0,100.0,0.0,-11,13.25,118,0,True,10,125.0,616.448,868.3,616,30332,6776,0,12,346936,0.0388,0.0351
2026-05-28T14:13:20.152729128+00:00,1573451f0dff21d1,4,1,9,9,9,0,90.0,0.0,-24,10.0,105,0,True,10,125.0,616.448,868.3,616,36332,5544,0,10,338371,0.0394,0.0357
2026-05-28T14:13:36.279684475+00:00,9e70e30d570f93f5,1,1,12,12,12,0,100.0,0.0,-17,10.75,112,0,True,10,125.0,616.448,867.7,616,30332,7392,0,13,377268,0.0388,0.0351
2026-05-28T14:13:56.472574491+00:00,1573451f0dff21d1,4,1,10,10,10,0,90.91,0.0,-29,12.5,100,0,True,10,125.0,616.448,868.1,616,36332,6160,0,11,374703,0.0395,0.0357
2026-05-28T14:14:06.486061304+00:00,9e70e30d570f93f5,1,1,13,13,13,0,100.0,0.0,-14,12.25,115,0,True,10,125.0,616.448,867.9,616,30332,8008,0,14,407600,0.0388,0.0351
2026-05-28T14:14:32.810665259+00:00,1573451f0dff21d1,4,1,11,11,11,0,91.67,0.0,-23,7.75,106,0,True,10,125.0,616.448,868.5,616,36332,6776,0,12,411035,0.0393,0.0355
2026-05-28T14:14:36.813683870+00:00,9e70e30d570f93f5,1,1,14,14,14,0,100.0,0.0,-12,10.25,117,0,True,10,125.0,616.448,868.3,616,30332,8624,0,15,437932,0.0427,0.0386
2026-05-28T14:15:07.145451672+00:00,9e70e30d570f93f5,1,1,15,15,15,0,100.0,0.0,-15,12.75,114,0,True,10,125.0,616.448,868.1,616,30332,9240,0,16,468264,0.0398,0.036
2026-05-28T14:15:37.489080329+00:00,9e70e30d570f93f5,1,1,16,16,16,0,100.0,0.0,-13,9.5,116,0,True,10,125.0,616.448,868.5,616,30332,9856,0,17,498596,0.037,0.037
2026-05-28T14:15:46.609637165+00:00,1573451f0dff21d1,4,1,13,13,13,0,85.71,0.0,-23,10.25,106,1,False,10,125.0,616.448,867.7,616,37514,8008,0,14,484880,0.0395,0.0357
2026-05-28T14:16:07.821029933+00:00,9e70e30d570f93f5,1,1,17,17,17,0,100.0,0.0,-10,10.75,119,0,True,10,125.0,616.448,867.7,616,30332,10472,0,18,528928,0.0388,0.0351
2026-05-28T14:16:22.937256035+00:00,1573451f0dff21d1,4,1,14,14,14,0,86.67,0.0,-25,9.75,104,0,True,10,125.0,616.448,867.7,616,36290,8624,0,15,521170,0.0395,0.0357
2026-05-28T14:16:38.150173582+00:00,9e70e30d570f93f5,1,1,18,18,18,0,100.0,0.0,-13,8.25,116,0,True,10,125.0,616.448,868.5,616,30332,11088,0,19,559260,0.0388,0.0351
2026-05-28T14:16:59.277925288+00:00,1573451f0dff21d1,4,1,15,15,15,0,87.5,0.0,-24,6.75,105,0,True,10,125.0,616.448,868.5,616,36332,9240,0,16,557502,0.0395,0.0357
2026-05-28T14:17:08.473873736+00:00,9e70e30d570f93f5,1,1,19,19,19,0,100.0,0.0,-11,10.25,118,0,True,10,125.0,616.448,867.7,616,30332,11704,0,20,589592,0.0388,0.0351
2026-05-28T14:17:35.608210885+00:00,1573451f0dff21d1,4,1,16,16,16,0,88.24,0.0,-27,7.75,102,0,True,10,125.0,616.448,868.5,616,36332,9856,0,17,593834,0.0392,0.0354
2026-05-28T14:17:38.818348981+00:00,9e70e30d570f93f5,1,1,20,20,20,0,100.0,0.0,-15,10.0,114,0,True,10,125.0,616.448,868.1,616,30332,12320,0,21,619924,0.0391,0.0354
2026-05-28T14:18:09.142012543+00:00,9e70e30d570f93f5,1,1,21,21,21,0,100.0,0.0,-12,8.75,117,0,True,10,125.0,616.448,868.5,616,30332,12936,0,22,650256,0.0388,0.0351
2026-05-28T14:18:11.941147907+00:00,1573451f0dff21d1,4,1,17,17,17,0,88.89,0.0,-26,12.25,103,0,True,10,125.0,616.448,867.9,616,36332,10472,0,18,630166,0.0395,0.0357
2026-05-28T14:18:39.472047993+00:00,9e70e30d570f93f5,1,1,22,22,22,0,100.0,0.0,-15,10.0,114,0,True,10,125.0,616.448,868.1,616,30332,13552,0,23,680588,0.0388,0.0351
2026-05-28T14:18:48.268679885+00:00,1573451f0dff21d1,4,1,18,18,18,0,89.47,0.0,-27,10.75,102,0,True,10,125.0,616.448,867.7,616,36331,11088,0,19,666497,0.0395,0.0357
2026-05-28T14:19:09.805881408+00:00,9e70e30d570f93f5,1,1,23,23,23,0,100.0,0.0,-12,13.5,117,0,True,10,125.0,616.448,868.3,616,30332,14168,0,24,710920,0.0388,0.0351
2026-05-28T14:19:24.599595939+00:00,1573451f0dff21d1,4,1,19,19,19,0,90.0,0.0,-28,12.5,101,0,True,10,125.0,616.448,868.1,616,36331,11704,0,20,702828,0.0395,0.0357
2026-05-28T14:19:40.140221278+00:00,9e70e30d570f93f5,1,1,24,24,24,0,100.0,0.0,-11,12.25,118,0,True,10,125.0,616.448,868.3,616,30332,14784,0,25,741252,0.0388,0.0351
2026-05-28T14:20:00.935414298+00:00,1573451f0dff21d1,4,1,20,20,20,0,90.48,0.0,-30,12.0,99,0,True,10,125.0,616.448,867.9,616,36332,12320,0,21,739160,0.0395,0.0357
2026-05-28T14:20:10.478150311+00:00,9e70e30d570f93f5,1,1,25,25,25,0,100.0,0.0,-11,9.75,118,0,True,10,125.0,616.448,867.7,616,30332,15400,0,26,771584,0.0388,0.0351
2026-05-28T14:20:37.266799545+00:00,1573451f0dff21d1,4,1,21,21,21,0,90.91,0.0,-27,13.0,102,0,True,10,125.0,616.448,867.9,616,36332,12936,0,22,775492,0.0392,0.0355
2026-05-28T14:21:12.278616252+00:00,9e70e30d570f93f5,1,1,27,27,27,0,96.43,0.0,-11,10.75,118,1,False,10,125.0,616.448,867.7,616,31514,16632,0,28,833430,0.0405,0.0331
2026-05-28T14:21:42.605480465+00:00,9e70e30d570f93f5,1,1,28,28,28,0,96.55,0.0,-13,9.75,116,0,True,10,125.0,616.448,868.5,616,30290,17248,0,29,863720,0.0381,0.0312
2026-05-28T14:21:51.075288234+00:00,1573451f0dff21d1,4,1,23,23,23,0,87.5,0.0,-24,7.75,105,1,False,10,125.0,616.448,868.5,616,37514,14168,0,24,849338,0.0395,0.0323
2026-05-28T14:22:12.942693754+00:00,9e70e30d570f93f5,1,1,29,29,29,0,96.67,0.0,-12,9.0,117,0,True,10,125.0,616.448,868.5,616,30332,17864,0,30,894052,0.0387,0.0317
2026-05-28T14:22:27.410595410+00:00,1573451f0dff21d1,4,1,24,24,24,0,88.0,0.0,-27,10.0,102,0,True,10,125.0,616.448,867.7,616,36290,14784,0,25,885628,0.0388,0.0318
2026-05-28T14:22:43.273871664+00:00,9e70e30d570f93f5,1,1,30,30,30,0,96.77,0.0,-15,12.25,114,0,True,10,125.0,616.448,867.9,616,30332,18480,0,31,924384,0.0394,0.0323
2026-05-28T14:23:03.729391029+00:00,1573451f0dff21d1,4,1,25,25,25,0,88.46,0.0,-22,10.75,107,0,True,10,125.0,616.448,868.3,616,36331,15400,0,26,921959,0.0382,0.0312
2026-05-28T14:23:13.602929383+00:00,9e70e30d570f93f5,1,1,31,31,31,0,96.88,0.0,-11,10.25,118,0,True,10,125.0,616.448,867.7,616,30332,19096,0,32,954716,0.0401,0.0328
2026-05-28T14:23:40.067827988+00:00,1573451f0dff21d1,4,1,26,26,26,0,88.89,0.0,-24,9.5,105,0,True,10,125.0,616.448,868.3,616,36331,16016,0,27,958290,0.0375,0.0307
2026-05-28T14:23:43.935507433+00:00,9e70e30d570f93f5,1,1,32,32,32,0,96.97,0.0,-14,12.25,115,0,True,10,125.0,616.448,867.9,616,30332,19712,0,33,985048,0.0405,0.0331
2026-05-28T14:24:14.299885472+00:00,9e70e30d570f93f5,1,1,33,33,33,0,97.06,0.0,-12,12.75,117,0,True,10,125.0,616.448,868.3,616,30332,20328,0,34,1015380,0.0374,0.0306
2026-05-28T14:24:44.620007111+00:00,9e70e30d570f93f5,1,1,34,34,34,0,97.14,0.0,-17,12.5,112,0,True,10,125.0,616.448,867.9,616,30332,20944,0,35,1045712,0.0371,0.0304
2026-05-28T14:24:53.888142008+00:00,1573451f0dff21d1,4,1,28,28,28,0,86.21,0.0,-27,7.0,102,1,False,10,125.0,616.448,868.5,616,37514,17248,0,29,1032135,0.0388,0.0287
2026-05-28T14:25:14.952490070+00:00,9e70e30d570f93f5,1,1,35,35,35,0,97.22,0.0,-12,11.5,117,0,True,10,125.0,616.448,868.3,616,30332,21560,0,36,1076044,0.0388,0.0287
2026-05-28T14:25:30.220861847+00:00,1573451f0dff21d1,4,1,29,29,29,0,86.67,0.0,-21,10.5,108,0,True,10,125.0,616.448,868.3,616,36290,17864,0,30,1068425,0.0388,0.0287
2026-05-28T14:25:45.287001935+00:00,9e70e30d570f93f5,1,1,36,36,36,0,97.3,0.0,-13,9.5,116,0,True,10,125.0,616.448,868.5,616,30332,22176,0,37,1106376,0.0388,0.0287
2026-05-28T14:26:06.552891731+00:00,1573451f0dff21d1,4,1,30,30,30,0,87.1,0.0,-29,9.75,100,0,True,10,125.0,616.448,867.7,616,36332,18480,0,31,1104757,0.0388,0.0287
2026-05-28T14:26:15.683283449+00:00,9e70e30d570f93f5,1,1,37,37,37,0,97.37,0.0,-12,12.75,117,0,True,10,125.0,616.448,868.3,616,30332,22792,0,38,1136708,0.0388,0.0287
2026-05-28T14:26:42.871904823+00:00,1573451f0dff21d1,4,1,31,31,31,0,87.5,0.0,-24,8.0,105,0,True,10,125.0,616.448,868.5,616,36332,19096,0,32,1141089,0.0388,0.0287
2026-05-28T14:26:45.935027462+00:00,9e70e30d570f93f5,1,1,38,38,38,0,97.44,0.0,-15,12.75,114,0,True,10,125.0,616.448,868.3,616,30332,23408,0,39,1167040,0.0425,0.0314
2026-05-28T14:27:16.273234693+00:00,9e70e30d570f93f5,1,1,39,39,39,0,97.5,0.0,-14,12.75,115,0,True,10,125.0,616.448,867.9,616,30332,24024,0,40,1197372,0.0406,0.0333
2026-05-28T14:27:19.197601054+00:00,1573451f0dff21d1,4,1,32,32,32,0,87.88,0.0,-25,10.0,104,0,True,10,125.0,616.448,867.7,616,36331,19712,0,33,1177420,0.0413,0.0338
2026-05-28T14:27:46.599327735+00:00,9e70e30d570f93f5,1,1,40,40,40,0,97.56,0.0,-13,11.0,116,0,True,10,125.0,616.448,868.3,616,30332,24640,0,41,1227704,0.0388,0.0351
2026-05-28T14:27:55.525317713+00:00,1573451f0dff21d1,4,1,33,33,33,0,88.24,0.0,-24,10.25,105,0,True,10,125.0,616.448,867.9,616,36331,20328,0,34,1213751,0.0395,0.0357
2026-05-28T14:28:16.926286794+00:00,9e70e30d570f93f5,1,1,41,41,41,0,97.62,0.0,-11,8.75,118,0,True,10,125.0,616.448,868.5,616,30332,25256,0,42,1258036,0.0388,0.0351
2026-05-28T14:28:31.867314022+00:00,1573451f0dff21d1,4,1,34,34,34,0,88.57,0.0,-27,13.25,102,0,True,10,125.0,616.448,867.7,616,36331,20944,0,35,1250082,0.0395,0.0357
2026-05-28T14:28:47.269648870+00:00,9e70e30d570f93f5,1,1,42,42,42,0,97.67,0.0,-12,8.75,117,0,True,10,125.0,616.448,868.5,616,30332,25872,0,43,1288368,0.0388,0.0351
2026-05-28T14:29:08.195292339+00:00,1573451f0dff21d1,4,1,35,35,35,0,88.89,0.0,-23,10.5,106,0,True,10,125.0,616.448,868.3,616,36331,21560,0,36,1286413,0.0395,0.0357
2026-05-28T14:29:17.592794898+00:00,9e70e30d570f93f5,1,1,43,43,43,0,97.73,0.0,-12,9.25,117,0,True,10,125.0,616.448,868.5,616,30332,26488,0,44,1318700,0.0388,0.0351
2026-05-28T14:29:44.519328522+00:00,1573451f0dff21d1,4,1,36,36,36,0,89.19,0.0,-27,8.25,102,0,True,10,125.0,616.448,868.5,616,36331,22176,0,37,1322744,0.0392,0.0355
2026-05-28T14:29:47.928197775+00:00,9e70e30d570f93f5,1,1,44,44,44,0,97.78,0.0,-13,9.75,116,0,True,10,125.0,616.448,868.1,616,30332,27104,0,45,1349032,0.0427,0.0386
2026-05-28T14:30:18.262365075+00:00,9e70e30d570f93f5,1,1,45,45,45,0,97.83,0.0,-14,12.75,115,0,True,10,125.0,616.448,867.9,616,30332,27720,0,46,1379364,0.0399,0.0361
2026-05-28T14:30:20.884217838+00:00,1573451f0dff21d1,4,1,37,37,37,0,89.47,0.0,-23,8.75,106,0,True,10,125.0,616.448,867.7,616,36331,22792,0,38,1359075,0.0403,0.0403
2026-05-28T14:30:48.584071427+00:00,9e70e30d570f93f5,1,1,46,46,46,0,97.87,0.0,-15,10.75,114,0,True,10,125.0,616.448,867.7,616,30332,28336,0,47,1409696,0.0387,0.0387
2026-05-28T14:30:57.191911337+00:00,1573451f0dff21d1,4,1,38,38,38,0,89.74,0.0,-27,7.5,102,0,True,10,125.0,616.448,868.5,616,36331,23408,0,39,1395406,0.0395,0.0395
2026-05-28T14:31:18.917115976+00:00,9e70e30d570f93f5,1,1,47,47,47,0,97.92,0.0,-10,10.25,119,0,True,10,125.0,616.448,867.7,616,30332,28952,0,48,1440028,0.0395,0.0395
2026-05-28T14:31:33.523423504+00:00,1573451f0dff21d1,4,1,39,39,39,0,90.0,0.0,-27,12.5,102,0,True,10,125.0,616.448,867.9,616,36331,24024,0,40,1431737,0.0388,0.0388
2026-05-28T14:31:49.261317086+00:00,9e70e30d570f93f5,1,1,48,48,48,0,97.96,0.0,-17,13.0,112,0,True,10,125.0,616.448,867.9,616,30332,29568,0,49,1470360,0.0402,0.0402
2026-05-28T14:32:09.847636168+00:00,1573451f0dff21d1,4,1,40,40,40,0,90.24,0.0,-24,10.0,105,0,True,10,125.0,616.448,867.7,616,36331,24640,0,41,1468068,0.0381,0.0381
2026-05-28T14:32:19.590725923+00:00,9e70e30d570f93f5,1,1,49,49,49,0,98.0,0.0,-15,13.25,114,0,True,10,125.0,616.448,867.9,616,30332,30184,0,50,1500692,0.0406,0.0406
2026-05-28T14:32:46.192748444+00:00,1573451f0dff21d1,4,1,41,41,41,0,90.48,0.0,-24,10.0,105,0,True,10,125.0,616.448,867.7,616,36332,25256,0,42,1504400,0.0377,0.0377
2026-05-28T14:32:49.919649190+00:00,9e70e30d570f93f5,1,1,50,50,50,0,98.04,0.0,-15,12.25,114,0,True,10,125.0,616.448,868.3,616,30332,30800,0,51,1531024,0.0406,0.0406
2026-05-28T14:33:20.247681444+00:00,9e70e30d570f93f5,1,1,51,51,51,0,98.08,0.0,-12,9.75,117,0,True,10,125.0,616.448,867.7,616,30332,31416,0,52,1561356,0.038,0.038
2026-05-28T14:33:22.507871164+00:00,1573451f0dff21d1,4,1,42,42,42,0,90.7,0.0,-25,8.75,104,0,True,10,125.0,616.448,868.1,616,36332,25872,0,43,1540732,0.0403,0.0403
2026-05-28T14:33:50.582545522+00:00,9e70e30d570f93f5,1,1,52,52,52,0,98.11,0.0,-15,10.0,114,0,True,10,125.0,616.448,868.1,616,30332,32032,0,53,1591688,0.0387,0.0387
2026-05-28T14:33:58.851380069+00:00,1573451f0dff21d1,4,1,43,43,43,0,90.91,0.0,-26,12.5,103,0,True,10,125.0,616.448,868.1,616,36332,26488,0,44,1577064,0.0396,0.0396
2026-05-28T14:34:20.911832238+00:00,9e70e30d570f93f5,1,1,53,53,53,0,98.15,0.0,-12,12.5,117,0,True,10,125.0,616.448,868.3,616,30332,32648,0,54,1622020,0.0394,0.0394
2026-05-28T14:34:35.170659551+00:00,1573451f0dff21d1,4,1,44,44,44,0,91.11,0.0,-24,8.0,105,0,True,10,125.0,616.448,868.5,616,36331,27104,0,45,1613395,0.0388,0.0388
2026-05-28T14:34:51.246120141+00:00,9e70e30d570f93f5,1,1,54,54,54,0,98.18,0.0,-15,9.75,114,0,True,10,125.0,616.448,868.1,616,30332,33264,0,55,1652352,0.0402,0.0402
2026-05-28T14:35:11.516373285+00:00,1573451f0dff21d1,4,1,45,45,45,0,91.3,0.0,-24,8.5,105,0,True,10,125.0,616.448,868.5,616,36332,27720,0,46,1649727,0.0381,0.0381
2026-05-28T14:35:21.582991202+00:00,9e70e30d570f93f5,1,1,55,55,55,0,98.21,0.0,-12,10.0,117,0,True,10,125.0,616.448,867.7,616,30332,33880,0,56,1682684,0.0406,0.0406
2026-05-28T14:35:47.836567922+00:00,1573451f0dff21d1,4,1,46,46,46,0,91.49,0.0,-29,12.5,100,0,True,10,125.0,616.448,868.1,616,36331,28336,0,47,1686058,0.0377,0.0377
2026-05-28T14:35:51.914249726+00:00,9e70e30d570f93f5,1,1,56,56,56,0,98.25,0.0,-11,13.5,118,0,True,10,125.0,616.448,868.3,616,30332,34496,0,57,1713016,0.0406,0.0406
2026-05-28T14:36:22.263938210+00:00,9e70e30d570f93f5,1,1,57,57,57,0,98.28,0.0,-12,9.0,117,0,True,10,125.0,616.448,868.5,616,30332,35112,0,58,1743348,0.0379,0.0379
2026-05-28T14:36:52.604690518+00:00,9e70e30d570f93f5,1,1,58,58,58,0,98.31,0.0,-17,10.25,112,0,True,10,125.0,616.448,867.7,616,30332,35728,0,59,1773680,0.0369,0.0369
2026-05-28T14:37:01.656979846+00:00,1573451f0dff21d1,4,1,48,48,48,0,89.8,0.0,-29,12.75,100,1,False,10,125.0,616.448,867.9,616,37514,29568,0,49,1759904,0.0395,0.0357
2026-05-28T14:37:22.926369186+00:00,9e70e30d570f93f5,1,1,59,59,59,0,98.33,0.0,-11,8.75,118,0,True,10,125.0,616.448,868.1,616,30332,36344,0,60,1804012,0.0388,0.0351
2026-05-28T14:37:37.988035085+00:00,1573451f0dff21d1,4,1,49,49,49,0,90.0,0.0,-24,9.5,105,0,True,10,125.0,616.448,867.7,616,36290,30184,0,50,1796194,0.0395,0.0357
2026-05-28T14:37:53.262774532+00:00,9e70e30d570f93f5,1,1,60,60,60,0,98.36,0.0,-13,11.5,116,0,True,10,125.0,616.448,868.3,616,30332,36960,0,61,1834344,0.0388,0.0351
2026-05-28T14:38:14.315753616+00:00,1573451f0dff21d1,4,1,50,50,50,0,90.2,0.0,-27,10.0,102,0,True,10,125.0,616.448,868.3,616,36332,30800,0,51,1832526,0.0395,0.0357
2026-05-28T14:38:23.642845149+00:00,9e70e30d570f93f5,1,1,61,61,61,0,98.39,0.0,-14,12.5,115,0,True,10,125.0,616.448,867.9,616,30332,37576,0,62,1864676,0.0388,0.0351
2026-05-28T14:38:50.642170332+00:00,1573451f0dff21d1,4,1,51,51,51,0,90.38,0.0,-24,7.75,105,0,True,10,125.0,616.448,868.5,616,36331,31416,0,52,1868857,0.0392,0.0355
2026-05-28T14:38:53.905851894+00:00,9e70e30d570f93f5,1,1,62,62,62,0,98.41,0.0,-15,12.75,114,0,True,10,125.0,616.448,868.3,616,30332,38192,0,63,1895008,0.0391,0.0353
2026-05-28T14:39:24.261748167+00:00,9e70e30d570f93f5,1,1,63,63,63,0,98.44,0.0,-12,11.5,117,0,True,10,125.0,616.448,868.3,616,30332,38808,0,64,1925340,0.0388,0.0351
2026-05-28T14:39:26.967688316+00:00,1573451f0dff21d1,4,1,52,52,52,0,90.57,0.0,-27,7.5,102,0,True,10,125.0,616.448,868.5,616,36331,32032,0,53,1905188,0.0395,0.0357
2026-05-28T14:39:54.564471221+00:00,9e70e30d570f93f5,1,1,64,64,64,0,98.46,0.0,-16,13.0,113,0,True,10,125.0,616.448,867.9,616,30332,39424,0,65,1955672,0.0388,0.0351
2026-05-28T14:40:03.296364487+00:00,1573451f0dff21d1,4,1,53,53,53,0,90.74,0.0,-28,12.5,101,0,True,10,125.0,616.448,867.9,616,36331,32648,0,54,1941519,0.0395,0.0357
2026-05-28T14:40:24.910961749+00:00,9e70e30d570f93f5,1,1,65,65,65,0,98.48,0.0,-15,12.25,114,0,True,10,125.0,616.448,867.9,616,30332,40040,0,66,1986004,0.0388,0.0351
2026-05-28T14:40:39.641993187+00:00,1573451f0dff21d1,4,1,54,54,54,0,90.91,0.0,-27,11.0,102,0,True,10,125.0,616.448,867.7,616,36331,33264,0,55,1977850,0.0395,0.0357
2026-05-28T14:40:55.237077122+00:00,9e70e30d570f93f5,1,1,66,66,66,0,98.51,0.0,-12,10.75,117,0,True,10,125.0,616.448,867.7,616,30332,40656,0,67,2016336,0.0388,0.0351
2026-05-28T14:41:15.968585658+00:00,1573451f0dff21d1,4,1,55,55,55,0,91.07,0.0,-23,8.0,106,0,True,10,125.0,616.448,868.5,616,36331,33880,0,56,2014181,0.0395,0.0357
2026-05-28T14:41:25.588852304+00:00,9e70e30d570f93f5,1,1,67,67,67,0,98.53,0.0,-9,11.0,120,0,True,10,125.0,616.448,867.7,616,30332,41272,0,68,2046668,0.0388,0.0351
2026-05-28T14:41:52.291662935+00:00,1573451f0dff21d1,4,1,56,56,56,0,91.23,0.0,-30,12.75,99,0,True,10,125.0,616.448,867.9,616,36331,34496,0,57,2050512,0.0392,0.0355
2026-05-28T14:41:55.908526817+00:00,9e70e30d570f93f5,1,1,68,68,68,0,98.55,0.0,-13,12.0,116,0,True,10,125.0,616.448,867.7,616,30332,41888,0,69,2077000,0.0427,0.0386
2026-05-28T14:42:26.233967849+00:00,9e70e30d570f93f5,1,1,69,69,69,0,98.57,0.0,-15,11.0,114,0,True,10,125.0,616.448,868.1,616,30332,42504,0,70,2107332,0.0399,0.0361
2026-05-28T14:42:28.622091950+00:00,1573451f0dff21d1,4,1,57,57,57,0,91.38,0.0,-24,10.5,105,0,True,10,125.0,616.448,868.3,616,36331,35112,0,58,2086843,0.0403,0.0403
2026-05-28T14:42:56.593987030+00:00,9e70e30d570f93f5,1,1,70,70,70,0,98.59,0.0,-16,12.25,113,0,True,10,125.0,616.448,867.9,616,30332,43120,0,71,2137664,0.0387,0.0387
2026-05-28T14:43:04.955444123+00:00,1573451f0dff21d1,4,1,58,58,58,0,91.53,0.0,-29,9.25,100,0,True,10,125.0,616.448,867.7,616,36331,35728,0,59,2123174,0.0396,0.0396
2026-05-28T14:43:26.904997671+00:00,9e70e30d570f93f5,1,1,71,71,71,0,98.61,0.0,-12,13.25,117,0,True,10,125.0,616.448,868.3,616,30332,43736,0,72,2167996,0.0394,0.0394
2026-05-28T14:43:41.289168942+00:00,1573451f0dff21d1,4,1,59,59,59,0,91.67,0.0,-23,9.5,106,0,True,10,125.0,616.448,868.3,616,36331,36344,0,60,2159505,0.0388,0.0388
2026-05-28T14:43:57.232508126+00:00,9e70e30d570f93f5,1,1,72,72,72,0,98.63,0.0,-17,11.75,112,0,True,10,125.0,616.448,867.9,616,30332,44352,0,73,2198328,0.0402,0.0402
2026-05-28T14:44:17.620061281+00:00,1573451f0dff21d1,4,1,60,60,60,0,91.8,0.0,-27,11.0,102,0,True,10,125.0,616.448,868.3,616,36331,36960,0,61,2195836,0.0381,0.0381
2026-05-28T14:44:27.562582253+00:00,9e70e30d570f93f5,1,1,73,73,73,0,98.65,0.0,-11,10.0,118,0,True,10,125.0,616.448,868.5,616,30332,44968,0,74,2228660,0.0406,0.0406
2026-05-28T14:44:53.957174836+00:00,1573451f0dff21d1,4,1,61,61,61,0,91.94,0.0,-23,8.0,106,0,True,10,125.0,616.448,868.5,616,36331,37576,0,62,2232167,0.0377,0.0377
2026-05-28T14:44:57.888322614+00:00,9e70e30d570f93f5,1,1,74,74,74,0,98.67,0.0,-13,10.75,116,0,True,10,125.0,616.448,868.3,616,30332,45584,0,75,2258992,0.0406,0.0406
2026-05-28T14:45:28.224538734+00:00,9e70e30d570f93f5,1,1,75,75,75,0,98.68,0.0,-14,12.25,115,0,True,10,125.0,616.448,867.9,616,30332,46200,0,76,2289324,0.0379,0.0379
2026-05-28T14:45:30.279871300+00:00,1573451f0dff21d1,4,1,62,62,62,0,92.06,0.0,-29,13.0,100,0,True,10,125.0,616.448,868.1,616,36331,38192,0,63,2268498,0.0404,0.0404
2026-05-28T14:45:58.553719675+00:00,9e70e30d570f93f5,1,1,76,76,76,0,98.7,0.0,-15,10.5,114,0,True,10,125.0,616.448,868.1,616,30332,46816,0,77,2319656,0.0387,0.0387
2026-05-28T14:46:06.612275510+00:00,1573451f0dff21d1,4,1,63,63,63,0,92.19,0.0,-22,9.0,107,0,True,10,125.0,616.448,867.7,616,36331,38808,0,64,2304829,0.0396,0.0396
2026-05-28T14:46:28.894839066+00:00,9e70e30d570f93f5,1,1,77,77,77,0,98.72,0.0,-11,11.0,118,0,True,10,125.0,616.448,867.7,616,30332,47432,0,78,2349988,0.0394,0.0394
2026-05-28T14:46:42.943383157+00:00,1573451f0dff21d1,4,1,64,64,64,0,92.31,0.0,-27,13.0,102,0,True,10,125.0,616.448,867.9,616,36331,39424,0,65,2341160,0.0388,0.0388
2026-05-28T14:46:59.218878420+00:00,9e70e30d570f93f5,1,1,78,78,78,0,98.73,0.0,-15,10.0,114,0,True,10,125.0,616.448,868.1,616,30332,48048,0,79,2380320,0.0402,0.0402
2026-05-28T14:47:19.282460573+00:00,1573451f0dff21d1,4,1,65,65,65,0,92.42,0.0,-25,13.0,104,0,True,10,125.0,616.448,868.1,616,36331,40040,0,66,2377491,0.0381,0.0381
2026-05-28T14:47:29.553209146+00:00,9e70e30d570f93f5,1,1,79,79,79,0,98.75,0.0,-10,10.0,119,0,True,10,125.0,616.448,868.1,616,30332,48664,0,80,2410652,0.0406,0.0406
2026-05-28T14:47:55.613043533+00:00,1573451f0dff21d1,4,1,66,66,66,0,92.54,0.0,-28,12.75,101,0,True,10,125.0,616.448,867.9,616,36331,40656,0,67,2413822,0.0377,0.0377
2026-05-28T14:47:59.893656813+00:00,9e70e30d570f93f5,1,1,80,80,80,0,98.77,0.0,-11,11.75,118,0,True,10,125.0,616.448,868.3,616,30332,49280,0,81,2440984,0.0406,0.0406
2026-05-28T14:48:30.237951989+00:00,9e70e30d570f93f5,1,1,81,81,81,0,98.78,0.0,-14,13.0,115,0,True,10,125.0,616.448,867.9,616,30332,49896,0,82,2471316,0.0379,0.0379
2026-05-28T14:49:00.614804147+00:00,9e70e30d570f93f5,1,1,82,82,82,0,98.8,0.0,-17,11.75,112,0,True,10,125.0,616.448,867.9,616,30332,50512,0,83,2501648,0.0369,0.0369
2026-05-28T14:49:09.432121866+00:00,1573451f0dff21d1,4,1,68,68,68,0,91.3,0.0,-28,11.75,101,1,False,10,125.0,616.448,868.1,616,37514,41888,0,69,2487667,0.0395,0.0357
2026-05-28T14:49:30.899134111+00:00,9e70e30d570f93f5,1,1,83,83,83,0,98.81,0.0,-12,13.25,117,0,True,10,125.0,616.448,868.3,616,30332,51128,0,84,2531980,0.0388,0.0351
2026-05-28T14:49:45.760004954+00:00,1573451f0dff21d1,4,1,69,69,69,0,91.43,0.0,-22,10.5,107,0,True,10,125.0,616.448,867.7,616,36290,42504,0,70,2523957,0.0395,0.0357
2026-05-28T14:50:01.235830942+00:00,9e70e30d570f93f5,1,1,84,84,84,0,98.82,0.0,-13,10.5,116,0,True,10,125.0,616.448,868.3,616,30332,51744,0,85,2562312,0.0388,0.0351
2026-05-28T14:50:22.126113788+00:00,1573451f0dff21d1,4,1,70,70,70,0,91.55,0.0,-27,7.0,102,0,True,10,125.0,616.448,868.5,616,36331,43120,0,71,2560288,0.0394,0.0357
2026-05-28T14:50:31.748382051+00:00,9e70e30d570f93f5,1,1,85,85,85,0,98.84,0.0,-11,10.75,118,0,True,10,125.0,616.448,867.7,616,30332,52360,0,86,2592644,0.0388,0.0351
2026-05-28T14:50:58.404572399+00:00,1573451f0dff21d1,4,1,71,71,71,0,91.67,0.0,-27,13.5,102,0,True,10,125.0,616.448,867.9,616,36331,43736,0,72,2596619,0.0392,0.0355
2026-05-28T14:51:01.884299353+00:00,9e70e30d570f93f5,1,1,86,86,86,0,98.85,0.0,-13,11.75,116,0,True,10,125.0,616.448,867.7,616,30332,52976,0,87,2622976,0.039,0.0353
2026-05-28T14:51:32.215261590+00:00,9e70e30d570f93f5,1,1,87,87,87,0,98.86,0.0,-12,12.25,117,0,True,10,125.0,616.448,868.3,616,30332,53592,0,88,2653308,0.0388,0.0351
2026-05-28T14:51:34.730425298+00:00,1573451f0dff21d1,4,1,72,72,72,0,91.78,0.0,-29,12.25,100,0,True,10,125.0,616.448,868.1,616,36331,44352,0,73,2632950,0.0395,0.0357
2026-05-28T14:52:02.549274871+00:00,9e70e30d570f93f5,1,1,88,88,88,0,98.88,0.0,-16,12.75,113,0,True,10,125.0,616.448,868.1,616,30332,54208,0,89,2683640,0.0388,0.0351
2026-05-28T14:52:11.071187510+00:00,1573451f0dff21d1,4,1,73,73,73,0,91.89,0.0,-23,7.75,106,0,True,10,125.0,616.448,868.5,616,36331,44968,0,74,2669281,0.0395,0.0357
2026-05-28T14:52:32.876194131+00:00,9e70e30d570f93f5,1,1,89,89,89,0,98.89,0.0,-15,12.0,114,0,True,10,125.0,616.448,867.9,616,30332,54824,0,90,2713972,0.0388,0.0351
2026-05-28T14:52:47.393815764+00:00,1573451f0dff21d1,4,1,74,74,74,0,92.0,0.0,-27,10.25,102,0,True,10,125.0,616.448,867.7,616,36331,45584,0,75,2705612,0.0395,0.0357
2026-05-28T14:53:03.208019952+00:00,9e70e30d570f93f5,1,1,90,90,90,0,98.9,0.0,-13,11.25,116,0,True,10,125.0,616.448,867.7,616,30332,55440,0,91,2744304,0.0388,0.0351
2026-05-28T14:53:23.738104169+00:00,1573451f0dff21d1,4,1,75,75,75,0,92.11,0.0,-27,12.5,102,0,True,10,125.0,616.448,867.9,616,36331,46200,0,76,2741943,0.0395,0.0357
2026-05-28T14:53:33.546517523+00:00,9e70e30d570f93f5,1,1,91,91,91,0,98.91,0.0,-12,11.75,117,0,True,10,125.0,616.448,868.3,616,30332,56056,0,92,2774636,0.0388,0.0351
2026-05-28T14:54:00.062563515+00:00,1573451f0dff21d1,4,1,76,76,76,0,92.21,0.0,-29,9.75,100,0,True,10,125.0,616.448,867.7,616,36331,46816,0,77,2778274,0.0392,0.0355
2026-05-28T14:54:03.875163203+00:00,9e70e30d570f93f5,1,1,92,92,92,0,98.92,0.0,-13,9.0,116,0,True,10,125.0,616.448,867.7,616,30332,56672,0,93,2804968,0.0427,0.0386
2026-05-28T14:54:34.201751116+00:00,9e70e30d570f93f5,1,1,93,93,93,0,98.94,0.0,-12,10.25,117,0,True,10,125.0,616.448,868.1,616,30332,57288,0,94,2835300,0.0399,0.0361
2026-05-28T14:54:36.394536114+00:00,1573451f0dff21d1,4,1,77,77,77,0,92.31,0.0,-27,12.25,102,0,True,10,125.0,616.448,867.9,616,36331,47432,0,78,2814605,0.0404,0.0404
2026-05-28T14:55:04.544537482+00:00,9e70e30d570f93f5,1,1,94,94,94,0,98.95,0.0,-15,9.25,114,0,True,10,125.0,616.448,868.1,616,30332,57904,0,95,2865632,0.0387,0.0387
2026-05-28T14:55:12.723826133+00:00,1573451f0dff21d1,4,1,78,78,78,0,92.41,0.0,-25,10.5,104,0,True,10,125.0,616.448,868.3,616,36331,48048,0,79,2850936,0.0396,0.0396
2026-05-28T14:55:34.882014633+00:00,9e70e30d570f93f5,1,1,95,95,95,0,98.96,0.0,-11,10.0,118,0,True,10,125.0,616.448,868.1,616,30332,58520,0,96,2895964,0.0394,0.0394
2026-05-28T14:55:49.053046726+00:00,1573451f0dff21d1,4,1,79,79,79,0,92.5,0.0,-28,11.75,101,0,True,10,125.0,616.448,867.9,616,36331,48664,0,80,2887267,0.0389,0.0389
2026-05-28T14:56:05.197939661+00:00,9e70e30d570f93f5,1,1,96,96,96,0,98.97,0.0,-13,8.5,116,0,True,10,125.0,616.448,868.5,616,30332,59136,0,97,2926296,0.0402,0.0402
2026-05-28T14:56:25.394896166+00:00,1573451f0dff21d1,4,1,80,80,80,0,92.59,0.0,-27,12.5,102,0,True,10,125.0,616.448,868.1,616,36331,49280,0,81,2923598,0.0381,0.0381
2026-05-28T14:56:35.540429985+00:00,9e70e30d570f93f5,1,1,97,97,97,0,98.98,0.0,-11,10.75,118,0,True,10,125.0,616.448,867.9,616,30332,59752,0,98,2956628,0.0406,0.0406
2026-05-28T14:57:01.719923534+00:00,1573451f0dff21d1,4,1,81,81,81,0,92.68,0.0,-27,11.75,102,0,True,10,125.0,616.448,867.9,616,36331,49896,0,82,2959929,0.0377,0.0377
2026-05-28T14:57:05.869413687+00:00,9e70e30d570f93f5,1,1,98,98,98,0,98.99,0.0,-10,8.25,119,0,True,10,125.0,616.448,868.5,616,30332,60368,0,99,2986960,0.0406,0.0406
2026-05-28T14:57:36.205683350+00:00,9e70e30d570f93f5,1,1,99,99,99,0,99.0,0.0,-11,9.0,118,0,True,10,125.0,616.448,868.1,616,30332,60984,0,100,3017292,0.0379,0.0379
2026-05-28T14:58:06.539748796+00:00,9e70e30d570f93f5,1,1,100,100,100,0,99.01,0.0,-12,10.25,117,0,True,10,125.0,616.448,868.1,616,30332,61600,0,101,3047624,0.037,0.037
2026-05-28T14:58:15.520098633+00:00,1573451f0dff21d1,4,1,83,83,83,0,91.67,0.0,-20,10.5,109,1,False,10,125.0,616.448,868.3,616,37514,51128,0,84,3033774,0.0395,0.0357
2026-05-28T14:58:36.871195457+00:00,9e70e30d570f93f5,1,1,101,101,101,0,99.02,0.0,-11,11.0,118,0,True,10,125.0,616.448,867.7,616,30332,62216,0,102,3077956,0.0388,0.0351
2026-05-28T14:58:51.854402530+00:00,1573451f0dff21d1,4,1,84,84,84,0,91.76,0.0,-27,7.25,102,0,True,10,125.0,616.448,868.5,616,36290,51744,0,85,3070064,0.0395,0.0357
2026-05-28T14:59:07.201546624+00:00,9e70e30d570f93f5,1,1,102,102,102,0,99.03,0.0,-13,11.0,116,0,True,10,125.0,616.448,867.7,616,30332,62832,0,103,3108288,0.0388,0.0351
2026-05-28T14:59:37.529251230+00:00,9e70e30d570f93f5,1,1,103,103,103,0,99.04,0.0,-11,15.0,118,0,True,10,125.0,616.448,868.3,616,30332,63448,0,104,3138620,0.0384,0.0347
2026-05-28T15:00:05.688527053+00:00,1573451f0dff21d1,4,1,86,86,86,0,90.8,0.0,-26,12.5,103,1,False,10,125.0,616.448,868.1,616,37515,52976,0,87,3143910,0.0375,0.0307
2026-05-28T15:00:07.856407411+00:00,9e70e30d570f93f5,1,1,104,104,104,0,99.05,0.0,-12,10.5,117,0,True,10,125.0,616.448,868.1,616,30332,64064,0,105,3168952,0.0406,0.0333
2026-05-28T15:00:38.200738802+00:00,9e70e30d570f93f5,1,1,105,105,105,0,99.06,0.0,-12,9.25,117,0,True,10,125.0,616.448,867.9,616,30332,64680,0,106,3199284,0.0375,0.0307
2026-05-28T15:00:41.986307652+00:00,1573451f0dff21d1,4,1,87,87,87,0,90.91,0.0,-27,13.25,102,0,True,10,125.0,616.448,867.9,616,36290,53592,0,88,3180200,0.0402,0.0329
2026-05-28T15:01:08.575637089+00:00,9e70e30d570f93f5,1,1,106,106,106,0,99.07,0.0,-15,11.0,114,0,True,10,125.0,616.448,868.1,616,30332,65296,0,107,3229616,0.0381,0.0312
2026-05-28T15:01:18.342806623+00:00,1573451f0dff21d1,4,1,88,88,88,0,91.01,0.0,-29,9.25,100,0,True,10,125.0,616.448,867.7,616,36331,54208,0,89,3216531,0.0395,0.0323
2026-05-28T15:01:38.878762323+00:00,9e70e30d570f93f5,1,1,107,107,107,0,99.07,0.0,-11,8.75,118,0,True,10,125.0,616.448,868.5,616,30332,65912,0,108,3259948,0.0388,0.0317
2026-05-28T15:01:54.671101033+00:00,1573451f0dff21d1,4,1,89,89,89,0,91.11,0.0,-27,12.0,102,0,True,10,125.0,616.448,868.1,616,36331,54824,0,90,3252862,0.0388,0.0318
2026-05-28T15:02:09.206981177+00:00,9e70e30d570f93f5,1,1,108,108,108,0,99.08,0.0,-11,11.75,118,0,True,10,125.0,616.448,868.3,616,30332,66528,0,109,3290280,0.0394,0.0323
2026-05-28T15:02:31.008562247+00:00,1573451f0dff21d1,4,1,90,90,90,0,91.21,0.0,-27,10.75,102,0,True,10,125.0,616.448,867.7,616,36331,55440,0,91,3289193,0.0382,0.0312
2026-05-28T15:02:39.539066352+00:00,9e70e30d570f93f5,1,1,109,109,109,0,99.09,0.0,-11,10.25,118,0,True,10,125.0,616.448,868.1,616,30332,67144,0,110,3320612,0.0401,0.0328
2026-05-28T15:03:07.438879984+00:00,1573451f0dff21d1,4,1,91,91,91,0,91.3,0.0,-23,11.0,106,0,True,10,125.0,616.448,867.7,616,36331,56056,0,92,3325524,0.0375,0.0307
2026-05-28T15:03:09.855833045+00:00,9e70e30d570f93f5,1,1,110,110,110,0,99.1,0.0,-12,9.25,117,0,True,10,125.0,616.448,867.9,616,30332,67760,0,111,3350944,0.0406,0.0333
2026-05-28T15:03:40.184360558+00:00,9e70e30d570f93f5,1,1,111,111,111,0,99.11,0.0,-11,14.25,118,0,True,10,125.0,616.448,868.3,616,30332,68376,0,112,3381276,0.0406,0.0333
2026-05-28T15:03:43.639744802+00:00,1573451f0dff21d1,4,1,92,92,92,0,91.4,0.0,-27,11.0,102,0,True,10,125.0,616.448,867.7,616,36331,56672,0,93,3361855,0.0413,0.0338
2026-05-28T15:04:10.515018512+00:00,9e70e30d570f93f5,1,1,112,112,112,0,99.12,0.0,-12,10.5,117,0,True,10,125.0,616.448,867.9,616,30332,68992,0,113,3411608,0.0388,0.0351
2026-05-28T15:04:19.972730806+00:00,1573451f0dff21d1,4,1,93,93,93,0,91.49,0.0,-28,12.5,101,0,True,10,125.0,616.448,868.1,616,36331,57288,0,94,3398186,0.0395,0.0357
2026-05-28T15:04:40.853202267+00:00,9e70e30d570f93f5,1,1,113,113,113,0,99.12,0.0,-12,14.25,117,0,True,10,125.0,616.448,868.3,616,30332,69608,0,114,3441940,0.0388,0.0351
2026-05-28T15:04:56.310270575+00:00,1573451f0dff21d1,4,1,94,94,94,0,91.58,0.0,-25,8.0,104,0,True,10,125.0,616.448,868.5,616,36331,57904,0,95,3434517,0.0406,0.0367
2026-05-28T15:05:11.189670150+00:00,9e70e30d570f93f5,1,1,114,114,114,0,99.13,0.0,-15,11.0,114,0,True,10,125.0,616.448,867.9,616,30332,70224,0,115,3472272,0.0424,0.0383
2026-05-28T15:05:32.643594482+00:00,1573451f0dff21d1,4,1,95,95,95,0,91.67,0.0,-24,7.0,105,0,True,10,125.0,616.448,868.5,616,36331,58520,0,96,3470848,0.038,0.038
2026-05-28T15:05:41.514183094+00:00,9e70e30d570f93f5,1,1,115,115,115,0,99.14,0.0,-9,9.0,120,0,True,10,125.0,616.448,868.5,616,30332,70840,0,116,3502604,0.0406,0.0406
2026-05-28T15:06:08.966559430+00:00,1573451f0dff21d1,4,1,96,96,96,0,91.75,0.0,-27,12.75,102,0,True,10,125.0,616.448,868.1,616,36331,59136,0,97,3507179,0.0377,0.0377
2026-05-28T15:06:11.851591283+00:00,9e70e30d570f93f5,1,1,116,116,116,0,99.15,0.0,-12,9.0,117,0,True,10,125.0,616.448,867.9,616,30332,71456,0,117,3532936,0.0407,0.0407
2026-05-28T15:06:42.177703372+00:00,9e70e30d570f93f5,1,1,117,117,117,0,99.15,0.0,-11,13.75,118,0,True,10,125.0,616.448,868.3,616,30332,72072,0,118,3563268,0.0381,0.0381
2026-05-28T15:06:45.316324571+00:00,1573451f0dff21d1,4,1,97,97,97,0,91.84,0.0,-20,10.75,109,0,True,10,125.0,616.448,868.3,616,36331,59752,0,98,3543510,0.0402,0.0402
2026-05-28T15:07:12.510813090+00:00,9e70e30d570f93f5,1,1,118,118,118,0,99.16,0.0,-13,13.75,116,0,True,10,125.0,616.448,868.3,616,30332,72688,0,119,3593600,0.0388,0.0388
2026-05-28T15:07:21.642997015+00:00,1573451f0dff21d1,4,1,98,98,98,0,91.92,0.0,-29,13.0,100,0,True,10,125.0,616.448,868.1,616,36331,60368,0,99,3579841,0.0395,0.0395
2026-05-28T15:07:42.883753527+00:00,9e70e30d570f93f5,1,1,119,119,119,0,99.17,0.0,-11,9.25,118,0,True,10,125.0,616.448,867.7,616,30332,73304,0,120,3623932,0.0395,0.0395
2026-05-28T15:07:57.964859505+00:00,1573451f0dff21d1,4,1,99,99,99,0,92.0,0.0,-21,12.0,108,0,True,10,125.0,616.448,867.7,616,36331,60984,0,100,3616172,0.0387,0.0387
2026-05-28T15:08:13.179590261+00:00,9e70e30d570f93f5,1,1,120,120,120,0,99.17,0.0,-15,10.25,114,0,True,10,125.0,616.448,867.7,616,30332,73920,0,121,3654264,0.0403,0.0403
2026-05-28T15:08:34.290253882+00:00,1573451f0dff21d1,4,1,100,100,100,0,92.08,0.0,-29,10.25,100,0,True,10,125.0,616.448,868.3,616,36331,61600,0,101,3652503,0.038,0.038
2026-05-28T15:08:43.512337357+00:00,9e70e30d570f93f5,1,1,121,121,121,0,99.18,0.0,-11,14.5,118,0,True,10,125.0,616.448,868.3,616,30332,74536,0,122,3684596,0.0406,0.0406
2026-05-28T15:09:10.631930358+00:00,1573451f0dff21d1,4,1,101,101,101,0,92.16,0.0,-28,12.5,101,0,True,10,125.0,616.448,868.1,616,36331,62216,0,102,3688834,0.0377,0.0377
2026-05-28T15:09:13.840606062+00:00,9e70e30d570f93f5,1,1,122,122,122,0,99.19,0.0,-11,11.5,118,0,True,10,125.0,616.448,868.3,616,30332,75152,0,123,3714928,0.0406,0.0406
2026-05-28T15:09:44.175441864+00:00,9e70e30d570f93f5,1,1,123,123,123,0,99.19,0.0,-9,9.0,120,0,True,10,125.0,616.448,868.5,616,30332,75768,0,124,3745260,0.038,0.038
2026-05-28T15:09:46.953733945+00:00,1573451f0dff21d1,4,1,102,102,102,0,92.23,0.0,-30,11.75,99,0,True,10,125.0,616.448,868.1,616,36331,62832,0,103,3725165,0.0403,0.0403
2026-05-28T15:10:14.512172060+00:00,9e70e30d570f93f5,1,1,124,124,124,0,99.2,0.0,-15,11.75,114,0,True,10,125.0,616.448,867.7,616,30332,76384,0,125,3775592,0.0387,0.0387
2026-05-28T15:10:23.283910196+00:00,1573451f0dff21d1,4,1,103,103,103,0,92.31,0.0,-22,11.25,107,0,True,10,125.0,616.448,867.7,616,36331,63448,0,104,3761496,0.0395,0.0395
2026-05-28T15:10:44.842919482+00:00,9e70e30d570f93f5,1,1,125,125,125,0,99.21,0.0,-12,8.75,117,0,True,10,125.0,616.448,867.7,616,30332,77000,0,126,3805924,0.0395,0.0395
2026-05-28T15:10:59.619579211+00:00,1573451f0dff21d1,4,1,104,104,104,0,92.38,0.0,-27,7.25,102,0,True,10,125.0,616.448,868.5,616,36331,64064,0,105,3797827,0.0388,0.0388
2026-05-28T15:11:15.176319328+00:00,9e70e30d570f93f5,1,1,126,126,126,0,99.21,0.0,-11,8.5,118,0,True,10,125.0,616.448,868.5,616,30332,77616,0,127,3836256,0.0403,0.0403
2026-05-28T15:11:35.951703732+00:00,1573451f0dff21d1,4,1,105,105,105,0,92.45,0.0,-26,13.0,103,0,True,10,125.0,616.448,868.1,616,36331,64680,0,106,3834158,0.038,0.038
2026-05-28T15:11:45.505018859+00:00,9e70e30d570f93f5,1,1,127,127,127,0,99.22,0.0,-11,9.0,118,0,True,10,125.0,616.448,868.5,616,30332,78232,0,128,3866588,0.0406,0.0406
2026-05-28T15:12:12.286250749+00:00,1573451f0dff21d1,4,1,106,106,106,0,92.52,0.0,-27,7.75,102,0,True,10,125.0,616.448,868.5,616,36331,65296,0,107,3870489,0.0377,0.0377
2026-05-28T15:12:15.838908582+00:00,9e70e30d570f93f5,1,1,128,128,128,0,99.22,0.0,-13,10.5,116,0,True,10,125.0,616.448,867.9,616,30332,78848,0,129,3896920,0.0406,0.0406
2026-05-28T15:12:46.169881184+00:00,9e70e30d570f93f5,1,1,129,129,129,0,99.23,0.0,-11,10.75,118,0,True,10,125.0,616.448,868.1,616,30332,79464,0,130,3927252,0.038,0.038
2026-05-28T15:12:48.649909188+00:00,1573451f0dff21d1,4,1,107,107,107,0,92.59,0.0,-23,8.0,106,0,True,10,125.0,616.448,868.5,616,36331,65912,0,108,3906820,0.0403,0.0403
2026-05-28T15:13:16.527454429+00:00,9e70e30d570f93f5,1,1,130,130,130,0,99.24,0.0,-13,11.25,116,0,True,10,125.0,616.448,868.3,616,30332,80080,0,131,3957584,0.0387,0.0387
2026-05-28T15:13:24.968720916+00:00,1573451f0dff21d1,4,1,108,108,108,0,92.66,0.0,-25,8.25,104,0,True,10,125.0,616.448,868.5,616,36331,66528,0,109,3943151,0.0395,0.0395
2026-05-28T15:13:46.851678128+00:00,9e70e30d570f93f5,1,1,131,131,131,0,99.24,0.0,-11,9.0,118,0,True,10,125.0,616.448,868.1,616,30332,80696,0,132,3987916,0.0394,0.0394
2026-05-28T15:14:01.291216477+00:00,1573451f0dff21d1,4,1,109,109,109,0,92.73,0.0,-26,13.0,103,0,True,10,125.0,616.448,867.9,616,36331,67144,0,110,3979482,0.0388,0.0388
2026-05-28T15:14:17.181019484+00:00,9e70e30d570f93f5,1,1,132,132,132,0,99.25,0.0,-15,9.5,114,0,True,10,125.0,616.448,867.7,616,30332,81312,0,133,4018248,0.0402,0.0402
2026-05-28T15:14:37.624435739+00:00,1573451f0dff21d1,4,1,110,110,110,0,92.79,0.0,-27,7.5,102,0,True,10,125.0,616.448,868.5,616,36331,67760,0,111,4015813,0.0381,0.0381
2026-05-28T15:14:47.516156563+00:00,9e70e30d570f93f5,1,1,133,133,133,0,99.25,0.0,-10,9.0,119,0,True,10,125.0,616.448,868.5,616,30332,81928,0,134,4048580,0.0406,0.0406
2026-05-28T15:15:14.099442492+00:00,1573451f0dff21d1,4,1,111,111,111,0,92.86,0.0,-23,9.75,106,0,True,10,125.0,616.448,867.7,616,36331,68376,0,112,4052144,0.0377,0.0377
2026-05-28T15:15:17.866604632+00:00,9e70e30d570f93f5,1,1,134,134,134,0,99.26,0.0,-13,12.0,116,0,True,10,125.0,616.448,868.3,616,30332,82544,0,135,4078912,0.0406,0.0406
2026-05-28T15:15:48.164117861+00:00,9e70e30d570f93f5,1,1,135,135,135,0,99.26,0.0,-12,10.75,117,0,True,10,125.0,616.448,867.7,616,30332,83160,0,136,4109244,0.0379,0.0379
2026-05-28T15:15:50.271142782+00:00,1573451f0dff21d1,4,1,112,112,112,0,92.92,0.0,-27,7.25,102,0,True,10,125.0,616.448,868.5,616,36331,68992,0,113,4088475,0.0404,0.0404
2026-05-28T15:16:18.497757487+00:00,9e70e30d570f93f5,1,1,136,136,136,0,99.27,0.0,-11,9.0,118,0,True,10,125.0,616.448,868.5,616,30332,83776,0,137,4139576,0.0387,0.0387
2026-05-28T15:16:26.600099483+00:00,1573451f0dff21d1,4,1,113,113,113,0,92.98,0.0,-23,8.0,106,0,True,10,125.0,616.448,868.5,616,36331,69608,0,114,4124806,0.0396,0.0396
2026-05-28T15:16:48.829635449+00:00,9e70e30d570f93f5,1,1,137,137,137,0,99.28,0.0,-11,10.0,118,0,True,10,125.0,616.448,867.9,616,30332,84392,0,138,4169908,0.0394,0.0394
2026-05-28T15:17:02.936728739+00:00,1573451f0dff21d1,4,1,114,114,114,0,93.04,0.0,-25,10.75,104,0,True,10,125.0,616.448,867.7,616,36331,70224,0,115,4161137,0.0388,0.0388
2026-05-28T15:17:19.161393760+00:00,9e70e30d570f93f5,1,1,138,138,138,0,99.28,0.0,-13,9.0,116,0,True,10,125.0,616.448,868.5,616,30332,85008,0,139,4200240,0.0402,0.0402
2026-05-28T15:17:39.268877529+00:00,1573451f0dff21d1,4,1,115,115,115,0,93.1,0.0,-27,12.25,102,0,True,10,125.0,616.448,867.9,616,36331,70840,0,116,4197468,0.0381,0.0381
2026-05-28T15:17:49.494493030+00:00,9e70e30d570f93f5,1,1,139,139,139,0,99.29,0.0,-12,14.25,117,0,True,10,125.0,616.448,868.3,616,30332,85624,0,140,4230572,0.0406,0.0406
2026-05-28T15:18:15.595351975+00:00,1573451f0dff21d1,4,1,116,116,116,0,93.16,0.0,-27,7.0,102,0,True,10,125.0,616.448,868.5,616,36331,71456,0,117,4233799,0.0377,0.0377
2026-05-28T15:18:19.823556574+00:00,9e70e30d570f93f5,1,1,140,140,140,0,99.29,0.0,-15,10.5,114,0,True,10,125.0,616.448,868.1,616,30332,86240,0,141,4260904,0.0406,0.0406
2026-05-28T15:18:50.169874412+00:00,9e70e30d570f93f5,1,1,141,141,141,0,99.3,0.0,-10,9.5,119,0,True,10,125.0,616.448,868.1,616,30332,86856,0,142,4291236,0.0379,0.0379
2026-05-28T15:19:20.489145479+00:00,9e70e30d570f93f5,1,1,142,142,142,0,99.3,0.0,-12,11.0,117,0,True,10,125.0,616.448,867.7,616,30332,87472,0,143,4321568,0.037,0.037
2026-05-28T15:19:29.396227022+00:00,1573451f0dff21d1,4,1,118,118,118,0,92.44,0.0,-27,12.0,102,1,False,10,125.0,616.448,867.9,616,37514,72688,0,119,4307644,0.0395,0.0357
2026-05-28T15:19:50.830487229+00:00,9e70e30d570f93f5,1,1,143,143,143,0,99.31,0.0,-11,10.25,118,0,True,10,125.0,616.448,868.1,616,30332,88088,0,144,4351900,0.0388,0.0351
2026-05-28T15:20:05.733329753+00:00,1573451f0dff21d1,4,1,119,119,119,0,92.5,0.0,-28,12.75,101,0,True,10,125.0,616.448,868.1,616,36290,73304,0,120,4343934,0.0395,0.0357
2026-05-28T15:20:21.152500453+00:00,9e70e30d570f93f5,1,1,144,144,144,0,99.31,0.0,-12,9.0,117,0,True,10,125.0,616.448,868.5,616,30332,88704,0,145,4382232,0.0388,0.0351
2026-05-28T15:20:42.063858558+00:00,1573451f0dff21d1,4,1,120,120,120,0,92.56,0.0,-24,11.0,105,0,True,10,125.0,616.448,868.3,616,36331,73920,0,121,4380265,0.0395,0.0357
2026-05-28T15:20:51.491023746+00:00,9e70e30d570f93f5,1,1,145,145,145,0,99.32,0.0,-12,10.75,117,0,True,10,125.0,616.448,868.1,616,30332,89320,0,146,4412564,0.0388,0.0351
2026-05-28T15:21:18.398396760+00:00,1573451f0dff21d1,4,1,121,121,121,0,92.62,0.0,-23,10.5,106,0,True,10,125.0,616.448,868.3,616,36331,74536,0,122,4416596,0.0392,0.0355
2026-05-28T15:21:21.819430304+00:00,9e70e30d570f93f5,1,1,146,146,146,0,99.32,0.0,-12,9.75,117,0,True,10,125.0,616.448,868.1,616,30332,89936,0,147,4442896,0.039,0.0353
2026-05-28T15:21:52.148477218+00:00,9e70e30d570f93f5,1,1,147,147,147,0,99.32,0.0,-12,10.0,117,0,True,10,125.0,616.448,867.7,616,30332,90552,0,148,4473228,0.0388,0.0351
2026-05-28T15:21:54.726045994+00:00,1573451f0dff21d1,4,1,122,122,122,0,92.68,0.0,-29,10.5,100,0,True,10,125.0,616.448,867.7,616,36331,75152,0,123,4452927,0.0395,0.0357
2026-05-28T15:22:22.489689493+00:00,9e70e30d570f93f5,1,1,148,148,148,0,99.33,0.0,-12,14.0,117,0,True,10,125.0,616.448,868.3,616,30332,91168,0,149,4503560,0.0388,0.0351
2026-05-28T15:22:31.101910644+00:00,1573451f0dff21d1,4,1,123,123,123,0,92.74,0.0,-20,10.5,109,0,True,10,125.0,616.448,868.3,616,36373,75768,0,124,4489300,0.0394,0.0357
2026-05-28T15:22:52.814930596+00:00,9e70e30d570f93f5,1,1,149,149,149,0,99.33,0.0,-12,14.0,117,0,True,10,125.0,616.448,868.3,616,30332,91784,0,150,4533892,0.0388,0.0351
2026-05-28T15:23:07.434890887+00:00,1573451f0dff21d1,4,1,124,124,124,0,92.8,0.0,-29,11.5,100,0,True,10,125.0,616.448,867.7,616,36331,76384,0,125,4525631,0.0394,0.0357
2026-05-28T15:23:23.146484175+00:00,9e70e30d570f93f5,1,1,150,150,150,0,99.34,0.0,-15,10.75,114,0,True,10,125.0,616.448,867.7,616,30332,92400,0,151,4564224,0.0388,0.0351
2026-05-28T15:23:43.759948154+00:00,1573451f0dff21d1,4,1,125,125,125,0,92.86,0.0,-89,-12.0,40,0,True,10,125.0,616.448,867.5,616,36331,77000,0,126,4561962,0.0394,0.0357
2026-05-28T15:23:53.472729072+00:00,9e70e30d570f93f5,1,1,151,151,151,0,99.34,0.0,-12,10.75,117,0,True,10,125.0,616.448,868.1,616,30332,93016,0,152,4594556,0.0388,0.0351
2026-05-28T15:24:21.232583855+00:00,1573451f0dff21d1,4,1,126,126,126,0,92.91,0.0,-24,10.25,105,0,True,10,125.0,616.448,868.3,616,37515,77616,0,127,4599477,0.0391,0.0354
2026-05-28T15:24:23.812647673+00:00,9e70e30d570f93f5,1,1,152,152,152,0,99.35,0.0,-13,9.25,116,0,True,10,125.0,616.448,868.1,616,30332,93632,0,153,4624888,0.0427,0.0386
2026-05-28T15:24:54.188330547+00:00,9e70e30d570f93f5,1,1,153,153,153,0,99.35,0.0,-11,11.25,118,0,True,10,125.0,616.448,868.3,616,30373,94248,0,154,4655261,0.0399,0.0361
2026-05-28T15:24:57.569769187+00:00,1573451f0dff21d1,4,1,127,127,127,0,92.97,0.0,-26,12.5,103,0,True,10,125.0,616.448,867.9,616,36290,78232,0,128,4635767,0.0402,0.0402
2026-05-28T15:25:24.531232526+00:00,9e70e30d570f93f5,1,1,154,154,154,0,99.35,0.0,-15,9.75,114,0,True,10,125.0,616.448,867.7,616,30332,94864,0,155,4685593,0.0387,0.0387
2026-05-28T15:25:33.930102055+00:00,1573451f0dff21d1,4,1,128,128,128,0,93.02,0.0,-25,9.75,104,0,True,10,125.0,616.448,868.3,616,36331,78848,0,129,4672098,0.0394,0.0394
2026-05-28T15:25:54.863299887+00:00,9e70e30d570f93f5,1,1,155,155,155,0,99.36,0.0,-11,13.75,118,0,True,10,125.0,616.448,868.3,616,30332,95480,0,156,4715925,0.0394,0.0394
2026-05-28T15:26:10.250079067+00:00,1573451f0dff21d1,4,1,129,129,129,0,93.08,0.0,-28,12.75,101,0,True,10,125.0,616.448,867.9,616,36331,79464,0,130,4708429,0.0387,0.0387
2026-05-28T15:26:25.197502272+00:00,9e70e30d570f93f5,1,1,156,156,156,0,99.36,0.0,-13,8.5,116,0,True,10,125.0,616.448,867.9,616,30332,96096,0,157,4746257,0.0402,0.0402
2026-05-28T15:26:46.582810174+00:00,1573451f0dff21d1,4,1,130,130,130,0,93.13,0.0,-27,11.0,102,0,True,10,125.0,616.448,868.3,616,36331,80080,0,131,4744760,0.038,0.038
2026-05-28T15:26:55.529765587+00:00,9e70e30d570f93f5,1,1,157,157,157,0,99.37,0.0,-11,8.0,118,0,True,10,125.0,616.448,868.5,616,30332,96712,0,158,4776589,0.0406,0.0406
2026-05-28T15:27:22.962898454+00:00,1573451f0dff21d1,4,1,131,131,131,0,93.18,0.0,-27,12.5,102,0,True,10,125.0,616.448,867.9,616,36331,80696,0,132,4781091,0.0376,0.0376
2026-05-28T15:27:25.852840087+00:00,9e70e30d570f93f5,1,1,158,158,158,0,99.37,0.0,-13,8.25,116,0,True,10,125.0,616.448,868.5,616,30332,97328,0,159,4806921,0.0406,0.0406
2026-05-28T15:27:56.179855060+00:00,9e70e30d570f93f5,1,1,159,159,159,0,99.38,0.0,-11,10.25,118,0,True,10,125.0,616.448,867.7,616,30332,97944,0,160,4837253,0.0379,0.0379
2026-05-28T15:27:59.218123575+00:00,1573451f0dff21d1,4,1,132,132,132,0,93.23,0.0,-30,13.0,99,0,True,10,125.0,616.448,867.9,616,36331,81312,0,133,4817422,0.0402,0.0402
2026-05-28T15:28:26.510165307+00:00,9e70e30d570f93f5,1,1,160,160,160,0,99.38,0.0,-15,8.75,114,0,True,10,125.0,616.448,868.1,616,30332,98560,0,161,4867585,0.0386,0.0386
2026-05-28T15:28:35.552035833+00:00,1573451f0dff21d1,4,1,133,133,133,0,93.28,0.0,-27,12.75,102,0,True,10,125.0,616.448,868.1,616,36331,81928,0,134,4853753,0.0395,0.0395
2026-05-28T15:28:56.844915360+00:00,9e70e30d570f93f5,1,1,161,161,161,0,99.38,0.0,-12,11.75,117,0,True,10,125.0,616.448,867.7,616,30332,99176,0,162,4897917,0.0394,0.0394
2026-05-28T15:29:11.890058688+00:00,1573451f0dff21d1,4,1,134,134,134,0,93.33,0.0,-27,10.75,102,0,True,10,125.0,616.448,867.7,616,36331,82544,0,135,4890084,0.0387,0.0387
2026-05-28T15:29:27.170960522+00:00,9e70e30d570f93f5,1,1,162,162,162,0,99.39,0.0,-13,9.0,116,0,True,10,125.0,616.448,867.7,616,30332,99792,0,163,4928249,0.0403,0.0403
2026-05-28T15:29:48.213320690+00:00,1573451f0dff21d1,4,1,135,135,135,0,93.38,0.0,-23,7.5,106,0,True,10,125.0,616.448,868.5,616,36331,83160,0,136,4926415,0.038,0.038
2026-05-28T15:29:57.510851029+00:00,9e70e30d570f93f5,1,1,163,163,163,0,99.39,0.0,-11,13.5,118,0,True,10,125.0,616.448,868.3,616,30332,100408,0,164,4958581,0.0406,0.0406
2026-05-28T15:30:24.550601456+00:00,1573451f0dff21d1,4,1,136,136,136,0,93.43,0.0,-27,12.0,102,0,True,10,125.0,616.448,868.3,616,36331,83776,0,137,4962746,0.0377,0.0377
2026-05-28T15:30:27.839111011+00:00,9e70e30d570f93f5,1,1,164,164,164,0,99.39,0.0,-12,10.0,117,0,True,10,125.0,616.448,867.9,616,30332,101024,0,165,4988913,0.0406,0.0406
2026-05-28T15:30:58.185230570+00:00,9e70e30d570f93f5,1,1,165,165,165,0,99.4,0.0,-11,11.0,118,0,True,10,125.0,616.448,867.7,616,30332,101640,0,166,5019245,0.038,0.038
2026-05-28T15:31:00.880470861+00:00,1573451f0dff21d1,4,1,137,137,137,0,93.48,0.0,-22,10.75,107,0,True,10,125.0,616.448,868.3,616,36331,84392,0,138,4999077,0.0403,0.0403
2026-05-28T15:31:28.503267500+00:00,9e70e30d570f93f5,1,1,166,166,166,0,99.4,0.0,-13,11.25,116,0,True,10,125.0,616.448,867.7,616,30332,102256,0,167,5049577,0.0387,0.0387
2026-05-28T15:31:37.225599985+00:00,1573451f0dff21d1,4,1,138,138,138,0,93.53,0.0,-29,12.5,100,0,True,10,125.0,616.448,868.1,616,36331,85008,0,139,5035408,0.0395,0.0395
2026-05-28T15:31:58.839102280+00:00,9e70e30d570f93f5,1,1,167,167,167,0,99.4,0.0,-12,14.5,117,0,True,10,125.0,616.448,868.3,616,30332,102872,0,168,5079909,0.0395,0.0395
2026-05-28T15:32:13.541127179+00:00,1573451f0dff21d1,4,1,139,139,139,0,93.57,0.0,-21,10.0,108,0,True,10,125.0,616.448,867.7,616,36331,85624,0,140,5071739,0.0388,0.0388
2026-05-28T15:32:29.167343056+00:00,9e70e30d570f93f5,1,1,168,168,168,0,99.41,0.0,-12,11.5,117,0,True,10,125.0,616.448,868.3,616,30332,103488,0,169,5110241,0.0403,0.0403
2026-05-28T15:32:49.865692759+00:00,1573451f0dff21d1,4,1,140,140,140,0,93.62,0.0,-27,11.25,102,0,True,10,125.0,616.448,868.3,616,36331,86240,0,141,5108070,0.0381,0.0381
2026-05-28T15:32:59.497017694+00:00,9e70e30d570f93f5,1,1,169,169,169,0,99.41,0.0,-11,10.25,118,0,True,10,125.0,616.448,867.9,616,30332,104104,0,170,5140573,0.0406,0.0406
2026-05-28T15:33:26.210462568+00:00,1573451f0dff21d1,4,1,141,141,141,0,93.66,0.0,-22,11.75,107,0,True,10,125.0,616.448,867.7,616,36331,86856,0,142,5144401,0.0377,0.0377
2026-05-28T15:33:29.836027982+00:00,9e70e30d570f93f5,1,1,170,170,170,0,99.42,0.0,-11,10.0,118,0,True,10,125.0,616.448,868.1,616,30332,104720,0,171,5170905,0.0406,0.0406
2026-05-28T15:34:00.165469445+00:00,9e70e30d570f93f5,1,1,171,171,171,0,99.42,0.0,-10,9.0,119,0,True,10,125.0,616.448,868.5,616,30332,105336,0,172,5201237,0.038,0.038
2026-05-28T15:34:02.542297356+00:00,1573451f0dff21d1,4,1,142,142,142,0,93.71,0.0,-28,12.75,101,0,True,10,125.0,616.448,867.9,616,36331,87472,0,143,5180732,0.0403,0.0403
2026-05-28T15:34:30.491842069+00:00,9e70e30d570f93f5,1,1,172,172,172,0,99.42,0.0,-13,11.75,116,0,True,10,125.0,616.448,868.3,616,30332,105952,0,173,5231569,0.0387,0.0387
2026-05-28T15:34:38.873395275+00:00,1573451f0dff21d1,4,1,143,143,143,0,93.75,0.0,-27,12.5,102,0,True,10,125.0,616.448,868.1,616,36331,88088,0,144,5217063,0.0396,0.0396
2026-05-28T15:35:00.837311774+00:00,9e70e30d570f93f5,1,1,173,173,173,0,99.43,0.0,-12,10.0,117,0,True,10,125.0,616.448,868.1,616,30332,106568,0,174,5261901,0.0394,0.0394
2026-05-28T15:35:15.201175519+00:00,1573451f0dff21d1,4,1,144,144,144,0,93.79,0.0,-27,12.0,102,0,True,10,125.0,616.448,868.1,616,36331,88704,0,145,5253394,0.0388,0.0388
2026-05-28T15:35:31.184110818+00:00,9e70e30d570f93f5,1,1,174,174,174,0,99.43,0.0,-12,8.75,117,0,True,10,125.0,616.448,868.5,616,30332,107184,0,175,5292233,0.0402,0.0402
2026-05-28T15:35:51.527795379+00:00,1573451f0dff21d1,4,1,145,145,145,0,93.84,0.0,-25,6.75,104,0,True,10,125.0,616.448,868.5,616,36331,89320,0,146,5289725,0.0381,0.0381
2026-05-28T15:36:01.504322308+00:00,9e70e30d570f93f5,1,1,175,175,175,0,99.43,0.0,-11,11.25,118,0,True,10,125.0,616.448,868.1,616,30332,107800,0,176,5322565,0.0406,0.0406
2026-05-28T15:36:27.862872882+00:00,1573451f0dff21d1,4,1,146,146,146,0,93.88,0.0,-30,12.5,99,0,True,10,125.0,616.448,868.1,616,36331,89936,0,147,5326056,0.0377,0.0377
2026-05-28T15:36:31.827367747+00:00,9e70e30d570f93f5,1,1,176,176,176,0,99.44,0.0,-12,10.25,117,0,True,10,125.0,616.448,867.9,616,30332,108416,0,177,5352897,0.0406,0.0406
2026-05-28T15:37:02.157311694+00:00,9e70e30d570f93f5,1,1,177,177,177,0,99.44,0.0,-12,9.5,117,0,True,10,125.0,616.448,867.9,616,30332,109032,0,178,5383229,0.0379,0.0379
2026-05-28T15:37:32.509734416+00:00,9e70e30d570f93f5,1,1,178,178,178,0,99.44,0.0,-13,13.75,116,0,True,10,125.0,616.448,868.3,616,30332,109648,0,179,5413561,0.0369,0.0369
2026-05-28T15:37:41.688001530+00:00,1573451f0dff21d1,4,1,148,148,148,0,93.29,0.0,-25,7.75,104,1,False,10,125.0,616.448,868.5,616,37515,91168,0,149,5399902,0.0395,0.0357
2026-05-28T15:38:02.845062330+00:00,9e70e30d570f93f5,1,1,179,179,179,0,99.44,0.0,-10,12.75,119,0,True,10,125.0,616.448,868.3,616,30332,110264,0,180,5443893,0.0388,0.0351
2026-05-28T15:38:18.010841994+00:00,1573451f0dff21d1,4,1,149,149,149,0,93.33,0.0,-20,10.0,109,0,True,10,125.0,616.448,868.3,616,36290,91784,0,150,5436192,0.0395,0.0357
2026-05-28T15:38:33.176039211+00:00,9e70e30d570f93f5,1,1,180,180,180,0,99.45,0.0,-11,9.25,118,0,True,10,125.0,616.448,868.1,616,30332,110880,0,181,5474225,0.0388,0.0351
2026-05-28T15:38:54.347857717+00:00,1573451f0dff21d1,4,1,150,150,150,0,93.38,0.0,-28,12.25,101,0,True,10,125.0,616.448,868.1,616,36331,92400,0,151,5472523,0.0395,0.0357
2026-05-28T15:39:03.498387755+00:00,9e70e30d570f93f5,1,1,181,181,181,0,99.45,0.0,-12,9.25,117,0,True,10,125.0,616.448,868.1,616,30332,111496,0,182,5504557,0.0388,0.0351
2026-05-28T15:39:30.783479896+00:00,1573451f0dff21d1,4,1,151,151,151,0,93.42,0.0,-27,11.75,102,0,True,10,125.0,616.448,867.9,616,36331,93016,0,152,5508854,0.0392,0.0354
2026-05-28T15:39:33.823423735+00:00,9e70e30d570f93f5,1,1,182,182,182,0,99.45,0.0,-11,10.0,118,0,True,10,125.0,616.448,868.1,616,30332,112112,0,183,5534889,0.0391,0.0354
2026-05-28T15:40:04.154181788+00:00,9e70e30d570f93f5,1,1,183,183,183,0,99.46,0.0,-12,8.5,117,0,True,10,125.0,616.448,867.9,616,30332,112728,0,184,5565221,0.0388,0.0351
2026-05-28T15:40:06.998904322+00:00,1573451f0dff21d1,4,1,152,152,152,0,93.46,0.0,-27,10.75,102,0,True,10,125.0,616.448,868.3,616,36331,93632,0,153,5545185,0.0395,0.0357
2026-05-28T15:40:34.501334317+00:00,9e70e30d570f93f5,1,1,184,184,184,0,99.46,0.0,-10,8.75,119,0,True,10,125.0,616.448,868.5,616,30332,113344,0,185,5595553,0.0388,0.0351
2026-05-28T15:40:43.330163239+00:00,1573451f0dff21d1,4,1,153,153,153,0,93.51,0.0,-27,13.0,102,0,True,10,125.0,616.448,867.9,616,36331,94248,0,154,5581516,0.0395,0.0357
2026-05-28T15:41:04.815711434+00:00,9e70e30d570f93f5,1,1,185,185,185,0,99.46,0.0,-11,11.75,118,0,True,10,125.0,616.448,868.3,616,30332,113960,0,186,5625885,0.0388,0.0351
2026-05-28T15:41:19.654333206+00:00,1573451f0dff21d1,4,1,154,154,154,0,93.55,0.0,-27,7.5,102,0,True,10,125.0,616.448,868.5,616,36331,94864,0,155,5617847,0.0395,0.0357
2026-05-28T15:41:35.145194748+00:00,9e70e30d570f93f5,1,1,186,186,186,0,99.47,0.0,-13,12.0,116,0,True,10,125.0,616.448,868.3,616,30332,114576,0,187,5656217,0.0388,0.0351
2026-05-28T15:41:55.977748724+00:00,1573451f0dff21d1,4,1,155,155,155,0,93.59,0.0,-22,11.0,107,0,True,10,125.0,616.448,867.7,616,36331,95480,0,156,5654178,0.0395,0.0357
2026-05-28T15:42:05.484746894+00:00,9e70e30d570f93f5,1,1,187,187,187,0,99.47,0.0,-12,14.5,117,0,True,10,125.0,616.448,868.3,616,30332,115192,0,188,5686549,0.0388,0.0351
2026-05-28T15:42:32.311514658+00:00,1573451f0dff21d1,4,1,156,156,156,0,93.63,0.0,-27,7.25,102,0,True,10,125.0,616.448,868.5,616,36331,96096,0,157,5690509,0.0392,0.0355
2026-05-28T15:42:35.816944337+00:00,9e70e30d570f93f5,1,1,188,188,188,0,99.47,0.0,-11,9.25,118,0,True,10,125.0,616.448,868.5,616,30332,115808,0,189,5716881,0.0427,0.0386
2026-05-28T15:43:06.147100635+00:00,9e70e30d570f93f5,1,1,189,189,189,0,99.47,0.0,-12,10.5,117,0,True,10,125.0,616.448,868.1,616,30332,116424,0,190,5747213,0.0399,0.0361
2026-05-28T15:43:08.647380832+00:00,1573451f0dff21d1,4,1,157,157,157,0,93.67,0.0,-23,7.25,106,0,True,10,125.0,616.448,868.5,616,36331,96712,0,158,5726840,0.0403,0.0403
2026-05-28T15:43:36.484077167+00:00,9e70e30d570f93f5,1,1,190,190,190,0,99.48,0.0,-13,11.25,116,0,True,10,125.0,616.448,868.3,616,30332,117040,0,191,5777545,0.0387,0.0387
2026-05-28T15:43:44.979510941+00:00,1573451f0dff21d1,4,1,158,158,158,0,93.71,0.0,-29,10.5,100,0,True,10,125.0,616.448,867.7,616,36331,97328,0,159,5763171,0.0395,0.0395
2026-05-28T15:44:06.817252491+00:00,9e70e30d570f93f5,1,1,191,191,191,0,99.48,0.0,-12,9.25,117,0,True,10,125.0,616.448,867.7,616,30332,117656,0,192,5807877,0.0395,0.0395
2026-05-28T15:44:21.312595588+00:00,1573451f0dff21d1,4,1,159,159,159,0,93.75,0.0,-23,8.25,106,0,True,10,125.0,616.448,868.5,616,36331,97944,0,160,5799502,0.0388,0.0388
2026-05-28T15:44:37.139418630+00:00,9e70e30d570f93f5,1,1,192,192,192,0,99.48,0.0,-13,11.75,116,0,True,10,125.0,616.448,868.3,616,30332,118272,0,193,5838209,0.0402,0.0402
2026-05-28T15:44:57.638016987+00:00,1573451f0dff21d1,4,1,160,160,160,0,93.79,0.0,-30,13.0,99,0,True,10,125.0,616.448,868.1,616,36331,98560,0,161,5835833,0.0381,0.0381
2026-05-28T15:45:07.478484441+00:00,9e70e30d570f93f5,1,1,193,193,193,0,99.48,0.0,-11,11.75,118,0,True,10,125.0,616.448,868.3,616,30332,118888,0,194,5868541,0.0406,0.0406
2026-05-28T15:45:33.982328258+00:00,1573451f0dff21d1,4,1,161,161,161,0,93.83,0.0,-21,12.5,108,0,True,10,125.0,616.448,868.3,616,36331,99176,0,162,5872164,0.0377,0.0377
2026-05-28T15:45:37.817992283+00:00,9e70e30d570f93f5,1,1,194,194,194,0,99.49,0.0,-15,10.75,114,0,True,10,125.0,616.448,867.7,616,30332,119504,0,195,5898873,0.0406,0.0406
2026-05-28T15:46:08.143899338+00:00,9e70e30d570f93f5,1,1,195,195,195,0,99.49,0.0,-12,13.75,117,0,True,10,125.0,616.448,868.3,616,30332,120120,0,196,5929205,0.038,0.038
2026-05-28T15:46:38.471870657+00:00,9e70e30d570f93f5,1,1,196,196,196,0,99.49,0.0,-13,8.5,116,0,True,10,125.0,616.448,868.5,616,30332,120736,0,197,5959537,0.037,0.037
2026-05-28T15:46:47.771337514+00:00,1573451f0dff21d1,4,1,163,163,163,0,93.29,0.0,-20,10.75,109,1,False,10,125.0,616.448,868.3,616,37514,100408,0,164,5946009,0.0395,0.0357
2026-05-28T15:47:08.805183102+00:00,9e70e30d570f93f5,1,1,197,197,197,0,99.49,0.0,-11,11.25,118,0,True,10,125.0,616.448,868.3,616,30332,121352,0,198,5989869,0.0388,0.0351
2026-05-28T15:47:24.104720013+00:00,1573451f0dff21d1,4,1,164,164,164,0,93.33,0.0,-25,11.5,104,0,True,10,125.0,616.448,868.3,616,36290,101024,0,165,5982299,0.0395,0.0357
2026-05-28T15:47:39.145515478+00:00,9e70e30d570f93f5,1,1,198,198,198,0,99.5,0.0,-10,12.25,119,0,True,10,125.0,616.448,868.3,616,30332,121968,0,199,6020201,0.0388,0.0351
2026-05-28T15:48:00.439260482+00:00,1573451f0dff21d1,4,1,165,165,165,0,93.37,0.0,-23,7.75,106,0,True,10,125.0,616.448,868.5,616,36331,101640,0,166,6018630,0.0395,0.0357
2026-05-28T15:48:09.470164039+00:00,9e70e30d570f93f5,1,1,199,199,199,0,99.5,0.0,-10,10.25,119,0,True,10,125.0,616.448,868.1,616,30332,122584,0,200,6050533,0.0388,0.0351
2026-05-28T15:48:36.765332631+00:00,1573451f0dff21d1,4,1,166,166,166,0,93.41,0.0,-30,11.75,99,0,True,10,125.0,616.448,868.1,616,36331,102256,0,167,6054961,0.0392,0.0354
2026-05-28T15:48:39.810068341+00:00,9e70e30d570f93f5,1,1,200,200,200,0,99.5,0.0,-13,9.75,116,0,True,10,125.0,616.448,867.7,616,30332,123200,0,201,6080865,0.0391,0.0354
2026-05-28T15:49:10.134107143+00:00,9e70e30d570f93f5,1,1,201,201,201,0,99.5,0.0,-11,10.5,118,0,True,10,125.0,616.448,867.7,616,30332,123816,0,202,6111197,0.0388,0.0351
2026-05-28T15:49:13.095907375+00:00,1573451f0dff21d1,4,1,167,167,167,0,93.45,0.0,-27,11.5,102,0,True,10,125.0,616.448,868.3,616,36331,102872,0,168,6091292,0.0395,0.0357
2026-05-28T15:49:40.495153419+00:00,9e70e30d570f93f5,1,1,202,202,202,0,99.51,0.0,-13,14.0,116,0,True,10,125.0,616.448,868.3,616,30332,124432,0,203,6141529,0.0388,0.0351
2026-05-28T15:49:49.447520774+00:00,1573451f0dff21d1,4,1,168,168,168,0,93.49,0.0,-27,11.75,102,0,True,10,125.0,616.448,867.7,616,36331,103488,0,169,6127623,0.0395,0.0357
2026-05-28T15:50:10.814872674+00:00,9e70e30d570f93f5,1,1,203,203,203,0,99.51,0.0,-12,9.75,117,0,True,10,125.0,616.448,867.9,616,30332,125048,0,204,6171861,0.0388,0.0351
2026-05-28T15:50:25.778155970+00:00,1573451f0dff21d1,4,1,169,169,169,0,93.53,0.0,-23,10.75,106,0,True,10,125.0,616.448,868.3,616,36331,104104,0,170,6163954,0.0395,0.0357
2026-05-28T15:50:41.160334677+00:00,9e70e30d570f93f5,1,1,204,204,204,0,99.51,0.0,-13,9.0,116,0,True,10,125.0,616.448,868.5,616,30332,125664,0,205,6202193,0.0388,0.0351
2026-05-28T15:51:02.108789375+00:00,1573451f0dff21d1,4,1,170,170,170,0,93.57,0.0,-27,10.25,102,0,True,10,125.0,616.448,867.7,616,36331,104720,0,171,6200285,0.0395,0.0357
2026-05-28T15:51:11.476533979+00:00,9e70e30d570f93f5,1,1,205,205,205,0,99.51,0.0,-12,13.75,117,0,True,10,125.0,616.448,868.3,616,30332,126280,0,206,6232525,0.0388,0.0351
2026-05-28T15:51:38.429827638+00:00,1573451f0dff21d1,4,1,171,171,171,0,93.6,0.0,-26,12.5,103,0,True,10,125.0,616.448,868.1,616,36331,105336,0,172,6236616,0.0392,0.0355
2026-05-28T15:51:41.791015364+00:00,9e70e30d570f93f5,1,1,206,206,206,0,99.52,0.0,-11,11.0,118,0,True,10,125.0,616.448,868.3,616,30332,126896,0,207,6262857,0.0427,0.0386
2026-05-28T15:52:12.134615278+00:00,9e70e30d570f93f5,1,1,207,207,207,0,99.52,0.0,-11,10.0,118,0,True,10,125.0,616.448,868.1,616,30332,127512,0,208,6293189,0.0399,0.0361
2026-05-28T15:52:14.760927897+00:00,1573451f0dff21d1,4,1,172,172,172,0,93.64,0.0,-26,11.75,103,0,True,10,125.0,616.448,867.9,616,36331,105952,0,173,6272947,0.0403,0.0403
2026-05-28T15:52:42.459234297+00:00,9e70e30d570f93f5,1,1,208,208,208,0,99.52,0.0,-12,13.5,117,0,True,10,125.0,616.448,868.3,616,30332,128128,0,209,6323521,0.0387,0.0387
2026-05-28T15:52:51.081514111+00:00,1573451f0dff21d1,4,1,173,173,173,0,93.68,0.0,-25,12.0,104,0,True,10,125.0,616.448,868.3,616,36331,106568,0,174,6309278,0.0395,0.0395
2026-05-28T15:53:12.792632753+00:00,9e70e30d570f93f5,1,1,209,209,209,0,99.52,0.0,-12,11.5,117,0,True,10,125.0,616.448,867.7,616,30332,128744,0,210,6353853,0.0395,0.0395
2026-05-28T15:53:27.416209783+00:00,1573451f0dff21d1,4,1,174,174,174,0,93.71,0.0,-26,12.5,103,0,True,10,125.0,616.448,868.1,616,36331,107184,0,175,6345609,0.0388,0.0388
2026-05-28T15:53:43.127801624+00:00,9e70e30d570f93f5,1,1,210,210,210,0,99.53,0.0,-13,8.0,116,0,True,10,125.0,616.448,868.5,616,30332,129360,0,211,6384185,0.0402,0.0402
2026-05-28T15:54:03.754702032+00:00,1573451f0dff21d1,4,1,175,175,175,0,93.75,0.0,-26,12.0,103,0,True,10,125.0,616.448,868.3,616,36331,107800,0,176,6381940,0.0381,0.0381
2026-05-28T15:54:13.459295473+00:00,9e70e30d570f93f5,1,1,211,211,211,0,99.53,0.0,-12,11.25,117,0,True,10,125.0,616.448,867.7,616,30332,129976,0,212,6414517,0.0406,0.0406
2026-05-28T15:54:40.080474537+00:00,1573451f0dff21d1,4,1,176,176,176,0,93.79,0.0,-25,10.25,104,0,True,10,125.0,616.448,867.7,616,36331,108416,0,177,6418271,0.0377,0.0377
2026-05-28T15:54:43.781300112+00:00,9e70e30d570f93f5,1,1,212,212,212,0,99.53,0.0,-15,10.25,114,0,True,10,125.0,616.448,868.1,616,30332,130592,0,213,6444849,0.0407,0.0407
2026-05-28T15:55:14.114031636+00:00,9e70e30d570f93f5,1,1,213,213,213,0,99.53,0.0,-11,10.25,118,0,True,10,125.0,616.448,867.9,616,30332,131208,0,214,6475181,0.038,0.038
2026-05-28T15:55:16.411591711+00:00,1573451f0dff21d1,4,1,177,177,177,0,93.82,0.0,-23,7.5,106,0,True,10,125.0,616.448,868.5,616,36331,109032,0,178,6454602,0.0403,0.0403
2026-05-28T15:55:44.463201466+00:00,9e70e30d570f93f5,1,1,214,214,214,0,99.53,0.0,-15,9.5,114,0,True,10,125.0,616.448,867.9,616,30332,131824,0,215,6505513,0.0387,0.0387
2026-05-28T15:55:52.745593288+00:00,1573451f0dff21d1,4,1,178,178,178,0,93.85,0.0,-25,11.25,104,0,True,10,125.0,616.448,867.7,616,36331,109648,0,179,6490933,0.0396,0.0396
2026-05-28T15:56:14.787871771+00:00,9e70e30d570f93f5,1,1,215,215,215,0,99.54,0.0,-12,9.75,117,0,True,10,125.0,616.448,867.9,616,30332,132440,0,216,6535845,0.0394,0.0394
2026-05-28T15:56:29.086320161+00:00,1573451f0dff21d1,4,1,179,179,179,0,93.89,0.0,-22,11.0,107,0,True,10,125.0,616.448,867.7,616,36331,110264,0,180,6527264,0.0388,0.0388
2026-05-28T15:56:45.115094287+00:00,9e70e30d570f93f5,1,1,216,216,216,0,99.54,0.0,-13,10.5,116,0,True,10,125.0,616.448,868.1,616,30332,133056,0,217,6566177,0.0402,0.0402
2026-05-28T15:57:05.414983801+00:00,1573451f0dff21d1,4,1,180,180,180,0,93.92,0.0,-29,10.5,100,0,True,10,125.0,616.448,867.7,616,36331,110880,0,181,6563595,0.0381,0.0381
2026-05-28T15:57:15.463986809+00:00,9e70e30d570f93f5,1,1,217,217,217,0,99.54,0.0,-12,10.25,117,0,True,10,125.0,616.448,868.1,616,30332,133672,0,218,6596509,0.0406,0.0406
2026-05-28T15:57:41.736965669+00:00,1573451f0dff21d1,4,1,181,181,181,0,93.96,0.0,-24,7.5,105,0,True,10,125.0,616.448,868.5,616,36331,111496,0,182,6599926,0.0377,0.0377
2026-05-28T15:57:45.779879302+00:00,9e70e30d570f93f5,1,1,218,218,218,0,99.54,0.0,-15,9.75,114,0,True,10,125.0,616.448,868.1,616,30332,134288,0,219,6626841,0.0406,0.0406
2026-05-28T15:58:16.119499364+00:00,9e70e30d570f93f5,1,1,219,219,219,0,99.55,0.0,-12,11.25,117,0,True,10,125.0,616.448,867.7,616,30332,134904,0,220,6657173,0.0379,0.0379
2026-05-28T15:58:18.074691031+00:00,1573451f0dff21d1,4,1,182,182,182,0,93.99,0.0,-99,7.5,30,0,True,10,125.0,616.448,868.5,616,36331,112112,0,183,6636257,0.0404,0.0404
2026-05-28T15:58:46.454465066+00:00,9e70e30d570f93f5,1,1,220,220,220,0,99.55,0.0,-11,9.5,118,0,True,10,125.0,616.448,867.7,616,30332,135520,0,221,6687505,0.0386,0.0386
2026-05-28T15:58:54.402393134+00:00,1573451f0dff21d1,4,1,183,183,183,0,94.02,0.0,-26,12.25,103,0,True,10,125.0,616.448,868.1,616,36331,112728,0,184,6672588,0.0396,0.0396
2026-05-28T15:59:16.773886912+00:00,9e70e30d570f93f5,1,1,221,221,221,0,99.55,0.0,-11,13.25,118,0,True,10,125.0,616.448,868.3,616,30332,136136,0,222,6717837,0.0394,0.0394
2026-05-28T15:59:30.734705694+00:00,1573451f0dff21d1,4,1,184,184,184,0,94.05,0.0,-24,8.0,105,0,True,10,125.0,616.448,868.5,616,36331,113344,0,185,6708919,0.0389,0.0389
2026-05-28T15:59:47.107831668+00:00,9e70e30d570f93f5,1,1,222,222,222,0,99.55,0.0,-15,9.75,114,0,True,10,125.0,616.448,868.1,616,30332,136752,0,223,6748169,0.0402,0.0402
2026-05-28T16:00:07.059354159+00:00,1573451f0dff21d1,4,1,185,185,185,0,94.09,0.0,-27,11.0,102,0,True,10,125.0,616.448,868.3,616,36331,113960,0,186,6745250,0.0381,0.0381
2026-05-28T16:00:17.450428909+00:00,9e70e30d570f93f5,1,1,223,223,223,0,99.55,0.0,-11,8.0,118,0,True,10,125.0,616.448,867.9,616,30332,137368,0,224,6778501,0.0406,0.0406
2026-05-28T16:00:43.393944434+00:00,1573451f0dff21d1,4,1,186,186,186,0,94.12,0.0,-28,12.25,101,0,True,10,125.0,616.448,868.1,616,36331,114576,0,187,6781581,0.0377,0.0377
2026-05-28T16:00:47.775565026+00:00,9e70e30d570f93f5,1,1,224,224,224,0,99.56,0.0,-15,9.75,114,0,True,10,125.0,616.448,868.1,616,30332,137984,0,225,6808833,0.0406,0.0406
2026-05-28T16:01:18.112538700+00:00,9e70e30d570f93f5,1,1,225,225,225,0,99.56,0.0,-11,13.5,118,0,True,10,125.0,616.448,868.3,616,30332,138600,0,226,6839165,0.0379,0.0379
2026-05-28T16:01:48.455185239+00:00,9e70e30d570f93f5,1,1,226,226,226,0,99.56,0.0,-12,9.0,117,0,True,10,125.0,616.448,867.7,616,30332,139216,0,227,6869497,0.0369,0.0369
2026-05-28T16:01:57.211416356+00:00,1573451f0dff21d1,4,1,188,188,188,0,93.65,0.0,-25,10.25,104,1,False,10,125.0,616.448,867.7,616,37515,115808,0,189,6855427,0.0395,0.0357
2026-05-28T16:02:18.788707254+00:00,9e70e30d570f93f5,1,1,227,227,227,0,99.56,0.0,-9,9.0,120,0,True,10,125.0,616.448,868.5,616,30332,139832,0,228,6899829,0.0388,0.0351
2026-05-28T16:02:33.543232954+00:00,1573451f0dff21d1,4,1,189,189,189,0,93.68,0.0,-27,12.5,102,0,True,10,125.0,616.448,867.9,616,36290,116424,0,190,6891717,0.0395,0.0357
2026-05-28T16:02:49.118945225+00:00,9e70e30d570f93f5,1,1,228,228,228,0,99.56,0.0,-15,10.75,114,0,True,10,125.0,616.448,867.9,616,30332,140448,0,229,6930161,0.0388,0.0351
2026-05-28T16:03:09.879228168+00:00,1573451f0dff21d1,4,1,190,190,190,0,93.72,0.0,-27,12.5,102,0,True,10,125.0,616.448,867.9,616,36331,117040,0,191,6928048,0.0395,0.0357
2026-05-28T16:03:19.452378077+00:00,9e70e30d570f93f5,1,1,229,229,229,0,99.57,0.0,-12,14.75,117,0,True,10,125.0,616.448,868.3,616,30332,141064,0,230,6960493,0.0388,0.0351
2026-05-28T16:03:46.286256072+00:00,1573451f0dff21d1,4,1,191,191,191,0,93.75,0.0,-23,7.5,106,0,True,10,125.0,616.448,868.5,616,36331,117656,0,192,6964379,0.0392,0.0355
2026-05-28T16:03:49.771480312+00:00,9e70e30d570f93f5,1,1,230,230,230,0,99.57,0.0,-11,11.0,118,0,True,10,125.0,616.448,868.3,616,30332,141680,0,231,6990825,0.039,0.0353
2026-05-28T16:04:20.099673296+00:00,9e70e30d570f93f5,1,1,231,231,231,0,99.57,0.0,-12,9.0,117,0,True,10,125.0,616.448,867.7,616,30332,142296,0,232,7021157,0.0388,0.0351
2026-05-28T16:04:22.528489312+00:00,1573451f0dff21d1,4,1,192,192,192,0,93.78,0.0,-24,10.75,105,0,True,10,125.0,616.448,868.3,616,36331,118272,0,193,7000710,0.0395,0.0357
2026-05-28T16:04:50.443029300+00:00,9e70e30d570f93f5,1,1,232,232,232,0,99.57,0.0,-11,8.75,118,0,True,10,125.0,616.448,868.5,616,30332,142912,0,233,7051489,0.0388,0.0351
2026-05-28T16:04:58.864612069+00:00,1573451f0dff21d1,4,1,193,193,193,0,93.81,0.0,-28,12.0,101,0,True,10,125.0,616.448,868.1,616,36331,118888,0,194,7037041,0.0395,0.0357
2026-05-28T16:05:20.761229389+00:00,9e70e30d570f93f5,1,1,233,233,233,0,99.57,0.0,-11,8.5,118,0,True,10,125.0,616.448,868.5,616,30332,143528,0,234,7081821,0.0388,0.0351
2026-05-28T16:05:35.179746174+00:00,1573451f0dff21d1,4,1,194,194,194,0,93.85,0.0,-27,7.25,102,0,True,10,125.0,616.448,868.5,616,36331,119504,0,195,7073372,0.0395,0.0357
2026-05-28T16:05:51.094325405+00:00,9e70e30d570f93f5,1,1,234,234,234,0,99.57,0.0,-13,7.75,116,0,True,10,125.0,616.448,868.5,616,30332,144144,0,235,7112153,0.0388,0.0351
2026-05-28T16:06:11.514982362+00:00,1573451f0dff21d1,4,1,195,195,195,0,93.88,0.0,-21,12.0,108,0,True,10,125.0,616.448,868.3,616,36331,120120,0,196,7109703,0.0395,0.0357
2026-05-28T16:06:21.434467740+00:00,9e70e30d570f93f5,1,1,235,235,235,0,99.58,0.0,-12,10.0,117,0,True,10,125.0,616.448,867.7,616,30332,144760,0,236,7142485,0.0388,0.0351
2026-05-28T16:06:47.844420928+00:00,1573451f0dff21d1,4,1,196,196,196,0,93.91,0.0,-25,12.25,104,0,True,10,125.0,616.448,868.3,616,36331,120736,0,197,7146034,0.0393,0.0355
2026-05-28T16:06:51.756252047+00:00,9e70e30d570f93f5,1,1,236,236,236,0,99.58,0.0,-13,9.75,116,0,True,10,125.0,616.448,868.1,616,30332,145376,0,237,7172817,0.0427,0.0386
2026-05-28T16:07:22.094413345+00:00,9e70e30d570f93f5,1,1,237,237,237,0,99.58,0.0,-12,10.75,117,0,True,10,125.0,616.448,867.9,616,30332,145992,0,238,7203149,0.0398,0.0361
2026-05-28T16:07:24.180065102+00:00,1573451f0dff21d1,4,1,197,197,197,0,93.94,0.0,-28,12.5,101,0,True,10,125.0,616.448,868.1,616,36331,121352,0,198,7182365,0.0404,0.0404
2026-05-28T16:07:52.426493890+00:00,9e70e30d570f93f5,1,1,238,238,238,0,99.58,0.0,-11,13.0,118,0,True,10,125.0,616.448,868.3,616,30332,146608,0,239,7233481,0.0387,0.0387
2026-05-28T16:08:00.516212816+00:00,1573451f0dff21d1,4,1,198,198,198,0,93.97,0.0,-24,7.75,105,0,True,10,125.0,616.448,868.5,616,36331,121968,0,199,7218696,0.0396,0.0396
2026-05-28T16:08:22.761572356+00:00,9e70e30d570f93f5,1,1,239,239,239,0,99.58,0.0,-12,11.5,117,0,True,10,125.0,616.448,867.7,616,30332,147224,0,240,7263813,0.0394,0.0394
2026-05-28T16:08:36.839409081+00:00,1573451f0dff21d1,4,1,199,199,199,0,94.0,0.0,-28,12.25,101,0,True,10,125.0,616.448,868.1,616,36331,122584,0,200,7255027,0.0388,0.0388
2026-05-28T16:08:53.088136007+00:00,9e70e30d570f93f5,1,1,240,240,240,0,99.59,0.0,-15,10.5,114,0,True,10,125.0,616.448,868.1,616,30332,147840,0,241,7294145,0.0402,0.0402
2026-05-28T16:09:13.174923903+00:00,1573451f0dff21d1,4,1,200,200,200,0,94.03,0.0,-29,10.25,100,0,True,10,125.0,616.448,867.7,616,36331,123200,0,201,7291358,0.0381,0.0381
2026-05-28T16:09:23.420920307+00:00,9e70e30d570f93f5,1,1,241,241,241,0,99.59,0.0,-9,9.0,120,0,True,10,125.0,616.448,868.5,616,30332,148456,0,242,7324477,0.0406,0.0406
2026-05-28T16:09:49.507151030+00:00,1573451f0dff21d1,4,1,201,201,201,0,94.06,0.0,-28,12.5,101,0,True,10,125.0,616.448,868.1,616,36331,123816,0,202,7327689,0.0377,0.0377
2026-05-28T16:09:53.763124140+00:00,9e70e30d570f93f5,1,1,242,242,242,0,99.59,0.0,-10,13.0,119,0,True,10,125.0,616.448,868.3,616,30332,149072,0,243,7354809,0.0406,0.0406
2026-05-28T16:10:24.088845512+00:00,9e70e30d570f93f5,1,1,243,243,243,0,99.59,0.0,-12,10.75,117,0,True,10,125.0,616.448,868.1,616,30332,149688,0,244,7385141,0.0379,0.0379
2026-05-28T16:10:54.431476326+00:00,9e70e30d570f93f5,1,1,244,244,244,0,99.59,0.0,-13,10.5,116,0,True,10,125.0,616.448,867.7,616,30332,150304,0,245,7415473,0.0369,0.0369
2026-05-28T16:11:03.309393837+00:00,1573451f0dff21d1,4,1,203,203,203,0,93.63,0.0,-24,7.25,105,1,False,10,125.0,616.448,868.5,616,37514,125048,0,204,7401534,0.0395,0.0357
2026-05-28T16:11:24.760932906+00:00,9e70e30d570f93f5,1,1,245,245,245,0,99.59,0.0,-11,9.0,118,0,True,10,125.0,616.448,867.9,616,30332,150920,0,246,7445805,0.0388,0.0351
2026-05-28T16:11:39.645850485+00:00,1573451f0dff21d1,4,1,204,204,204,0,93.66,0.0,-30,13.5,99,0,True,10,125.0,616.448,867.9,616,36290,125664,0,205,7437824,0.0395,0.0357
2026-05-28T16:11:55.084937521+00:00,9e70e30d570f93f5,1,1,246,246,246,0,99.6,0.0,-12,8.5,117,0,True,10,125.0,616.448,868.5,616,30332,151536,0,247,7476137,0.0388,0.0351
2026-05-28T16:12:15.968750005+00:00,1573451f0dff21d1,4,1,205,205,205,0,93.69,0.0,-22,11.25,107,0,True,10,125.0,616.448,867.7,616,36331,126280,0,206,7474155,0.0395,0.0357
2026-05-28T16:12:25.417930007+00:00,9e70e30d570f93f5,1,1,247,247,247,0,99.6,0.0,-12,13.0,117,0,True,10,125.0,616.448,868.3,616,30332,152152,0,248,7506469,0.0388,0.0351
2026-05-28T16:12:52.296247645+00:00,1573451f0dff21d1,4,1,206,206,206,0,93.72,0.0,-29,12.5,100,0,True,10,125.0,616.448,867.9,616,36331,126896,0,207,7510486,0.0392,0.0355
2026-05-28T16:12:55.744967974+00:00,9e70e30d570f93f5,1,1,248,248,248,0,99.6,0.0,-13,14.25,116,0,True,10,125.0,616.448,868.3,616,30332,152768,0,249,7536801,0.039,0.0353
2026-05-28T16:13:26.083543065+00:00,9e70e30d570f93f5,1,1,249,249,249,0,99.6,0.0,-12,10.5,117,0,True,10,125.0,616.448,867.9,616,30332,153384,0,250,7567133,0.0388,0.0351
2026-05-28T16:13:28.640786002+00:00,1573451f0dff21d1,4,1,207,207,207,0,93.75,0.0,-27,12.5,102,0,True,10,125.0,616.448,868.1,616,36331,127512,0,208,7546817,0.0395,0.0357
2026-05-28T16:13:56.418022017+00:00,9e70e30d570f93f5,1,1,250,250,250,0,99.6,0.0,-13,13.5,116,0,True,10,125.0,616.448,868.3,616,30332,154000,0,251,7597465,0.0388,0.0351
2026-05-28T16:14:04.962045098+00:00,1573451f0dff21d1,4,1,208,208,208,0,93.78,0.0,-27,9.75,102,0,True,10,125.0,616.448,868.3,616,36331,128128,0,209,7583148,0.0395,0.0357
2026-05-28T16:14:26.762348955+00:00,9e70e30d570f93f5,1,1,251,251,251,0,99.6,0.0,-12,10.75,117,0,True,10,125.0,616.448,868.1,616,30332,154616,0,252,7627797,0.0388,0.0351
2026-05-28T16:14:41.318546742+00:00,1573451f0dff21d1,4,1,209,209,209,0,93.81,0.0,-23,8.0,106,0,True,10,125.0,616.448,868.5,616,36331,128744,0,210,7619479,0.0395,0.0357
2026-05-28T16:14:57.095045761+00:00,9e70e30d570f93f5,1,1,252,252,252,0,99.6,0.0,-13,8.75,116,0,True,10,125.0,616.448,868.5,616,30332,155232,0,253,7658129,0.0388,0.0351
2026-05-28T16:15:17.643786457+00:00,1573451f0dff21d1,4,1,210,210,210,0,93.84,0.0,-27,11.5,102,0,True,10,125.0,616.448,868.3,616,36331,129360,0,211,7655810,0.0395,0.0357
2026-05-28T16:15:27.423550415+00:00,9e70e30d570f93f5,1,1,253,253,253,0,99.61,0.0,-12,9.75,117,0,True,10,125.0,616.448,867.7,616,30332,155848,0,254,7688461,0.0388,0.0351
2026-05-28T16:15:53.982604969+00:00,1573451f0dff21d1,4,1,211,211,211,0,93.87,0.0,-27,12.75,102,0,True,10,125.0,616.448,867.9,616,36331,129976,0,212,7692141,0.0392,0.0355
2026-05-28T16:15:57.754677208+00:00,9e70e30d570f93f5,1,1,254,254,254,0,99.61,0.0,-15,10.5,114,0,True,10,125.0,616.448,868.1,616,30332,156464,0,255,7718793,0.0427,0.0386
2026-05-28T16:16:28.112963859+00:00,9e70e30d570f93f5,1,1,255,255,255,0,99.61,0.0,-11,10.25,118,0,True,10,125.0,616.448,867.7,616,30332,157080,0,256,7749125,0.0399,0.0361
2026-05-28T16:16:30.368483474+00:00,1573451f0dff21d1,4,1,212,212,212,0,93.9,0.0,-30,13.0,99,0,True,10,125.0,616.448,868.1,616,36331,130592,0,213,7728472,0.0403,0.0403
2026-05-28T16:16:58.410802069+00:00,9e70e30d570f93f5,1,1,256,256,256,0,99.61,0.0,-10,8.5,119,0,True,10,125.0,616.448,868.5,616,30332,157696,0,257,7779457,0.0387,0.0387
2026-05-28T16:17:06.625569044+00:00,1573451f0dff21d1,4,1,213,213,213,0,93.93,0.0,-23,12.0,106,0,True,10,125.0,616.448,867.7,616,36331,131208,0,214,7764803,0.0396,0.0396
2026-05-28T16:17:28.741858467+00:00,9e70e30d570f93f5,1,1,257,257,257,0,99.61,0.0,-9,9.0,120,0,True,10,125.0,616.448,868.5,616,30332,158312,0,258,7809789,0.0394,0.0394
2026-05-28T16:17:42.957180016+00:00,1573451f0dff21d1,4,1,214,214,214,0,93.95,0.0,-29,12.75,100,0,True,10,125.0,616.448,867.9,616,36331,131824,0,215,7801134,0.0388,0.0388
2026-05-28T16:17:59.067716617+00:00,9e70e30d570f93f5,1,1,258,258,258,0,99.61,0.0,-12,8.5,117,0,True,10,125.0,616.448,868.5,616,30332,158928,0,259,7840121,0.0402,0.0402
2026-05-28T16:18:19.283637026+00:00,1573451f0dff21d1,4,1,215,215,215,0,93.98,0.0,-28,11.75,101,0,True,10,125.0,616.448,868.1,616,36331,132440,0,216,7837465,0.0381,0.0381
2026-05-28T16:18:29.405776078+00:00,9e70e30d570f93f5,1,1,259,259,259,0,99.62,0.0,-11,10.5,118,0,True,10,125.0,616.448,868.1,616,30332,159544,0,260,7870453,0.0406,0.0406
2026-05-28T16:18:55.615049647+00:00,1573451f0dff21d1,4,1,216,216,216,0,94.01,0.0,-30,12.5,99,0,True,10,125.0,616.448,868.1,616,36331,133056,0,217,7873796,0.0377,0.0377
2026-05-28T16:18:59.737078038+00:00,9e70e30d570f93f5,1,1,260,260,260,0,99.62,0.0,-13,7.75,116,0,True,10,125.0,616.448,868.5,616,30332,160160,0,261,7900785,0.0406,0.0406
2026-05-28T16:19:30.072356062+00:00,9e70e30d570f93f5,1,1,261,261,261,0,99.62,0.0,-12,11.0,117,0,True,10,125.0,616.448,868.1,616,30332,160776,0,262,7931117,0.0379,0.0379
2026-05-28T16:19:31.952534830+00:00,1573451f0dff21d1,4,1,217,217,217,0,94.04,0.0,-99,10.75,30,0,True,10,125.0,616.448,868.3,616,36331,133672,0,218,7910127,0.0404,0.0404
2026-05-28T16:20:00.395658658+00:00,9e70e30d570f93f5,1,1,262,262,262,0,99.62,0.0,-12,10.75,117,0,True,10,125.0,616.448,867.7,616,30332,161392,0,263,7961449,0.0386,0.0386
2026-05-28T16:20:08.280592051+00:00,1573451f0dff21d1,4,1,218,218,218,0,94.06,0.0,-27,7.0,102,0,True,10,125.0,616.448,868.5,616,36331,134288,0,219,7946458,0.0396,0.0396
2026-05-28T16:20:30.738025290+00:00,9e70e30d570f93f5,1,1,263,263,263,0,99.62,0.0,-12,10.75,117,0,True,10,125.0,616.448,867.7,616,30332,162008,0,264,7991781,0.0394,0.0394
2026-05-28T16:20:44.616681324+00:00,1573451f0dff21d1,4,1,219,219,219,0,94.09,0.0,-21,10.5,108,0,True,10,125.0,616.448,868.3,616,36331,134904,0,220,7982789,0.0389,0.0389
2026-05-28T16:21:01.105553221+00:00,9e70e30d570f93f5,1,1,264,264,264,0,99.62,0.0,-17,9.25,112,0,True,10,125.0,616.448,867.9,616,30373,162624,0,265,8022154,0.0401,0.0401
2026-05-28T16:21:20.940243211+00:00,1573451f0dff21d1,4,1,220,220,220,0,94.12,0.0,-27,11.25,102,0,True,10,125.0,616.448,868.3,616,36331,135520,0,221,8019120,0.0381,0.0381
2026-05-28T16:21:31.437420403+00:00,9e70e30d570f93f5,1,1,265,265,265,0,99.62,0.0,-11,9.25,118,0,True,10,125.0,616.448,868.1,616,30332,163240,0,266,8052486,0.0406,0.0406
2026-05-28T16:21:57.272546571+00:00,1573451f0dff21d1,4,1,221,221,221,0,94.14,0.0,-21,10.5,108,0,True,10,125.0,616.448,867.7,616,36331,136136,0,222,8055451,0.0377,0.0377
2026-05-28T16:22:01.767197697+00:00,9e70e30d570f93f5,1,1,266,266,266,0,99.63,0.0,-13,10.0,116,0,True,10,125.0,616.448,867.9,616,30332,163856,0,267,8082818,0.0406,0.0406
2026-05-28T16:22:32.102859285+00:00,9e70e30d570f93f5,1,1,267,267,267,0,99.63,0.0,-12,12.0,117,0,True,10,125.0,616.448,867.7,616,30332,164472,0,268,8113150,0.0379,0.0379
2026-05-28T16:23:02.464734480+00:00,9e70e30d570f93f5,1,1,268,268,268,0,99.63,0.0,-13,8.5,116,0,True,10,125.0,616.448,868.5,616,30332,165088,0,269,8143482,0.0369,0.0369
2026-05-28T16:23:11.074987118+00:00,1573451f0dff21d1,4,1,223,223,223,0,93.75,0.0,-22,11.75,107,1,False,10,125.0,616.448,868.3,616,37515,137368,0,224,8129297,0.0395,0.0357
2026-05-28T16:23:32.800527044+00:00,9e70e30d570f93f5,1,1,269,269,269,0,99.63,0.0,-12,11.5,117,0,True,10,125.0,616.448,868.1,616,30332,165704,0,270,8173814,0.0388,0.0351
2026-05-28T16:23:47.411342371+00:00,1573451f0dff21d1,4,1,224,224,224,0,93.78,0.0,-28,13.25,101,0,True,10,125.0,616.448,867.9,616,36290,137984,0,225,8165587,0.0395,0.0357
2026-05-28T16:24:03.103025586+00:00,9e70e30d570f93f5,1,1,270,270,270,0,99.63,0.0,-15,9.25,114,0,True,10,125.0,616.448,868.1,616,30332,166320,0,271,8204146,0.0388,0.0351
2026-05-28T16:24:23.744212724+00:00,1573451f0dff21d1,4,1,225,225,225,0,93.81,0.0,-27,12.75,102,0,True,10,125.0,616.448,867.9,616,36331,138600,0,226,8201918,0.0395,0.0357
2026-05-28T16:24:33.470340527+00:00,9e70e30d570f93f5,1,1,271,271,271,0,99.63,0.0,-12,11.25,117,0,True,10,125.0,616.448,868.1,616,30332,166936,0,272,8234478,0.0388,0.0351
2026-05-28T16:25:00.074962622+00:00,1573451f0dff21d1,4,1,226,226,226,0,93.83,0.0,-27,11.25,102,0,True,10,125.0,616.448,868.3,616,36331,139216,0,227,8238249,0.0392,0.0355
2026-05-28T16:25:03.768287046+00:00,9e70e30d570f93f5,1,1,272,272,272,0,99.63,0.0,-12,8.75,117,0,True,10,125.0,616.448,868.5,616,30332,167552,0,273,8264810,0.039,0.0353
2026-05-28T16:25:34.092903091+00:00,9e70e30d570f93f5,1,1,273,273,273,0,99.64,0.0,-12,9.25,117,0,True,10,125.0,616.448,868.1,616,30332,168168,0,274,8295142,0.0388,0.0351
2026-05-28T16:25:36.406805616+00:00,1573451f0dff21d1,4,1,227,227,227,0,93.86,0.0,-27,12.5,102,0,True,10,125.0,616.448,867.9,616,36331,139832,0,228,8274580,0.0395,0.0357
2026-05-28T16:26:04.432979552+00:00,9e70e30d570f93f5,1,1,274,274,274,0,99.64,0.0,-13,10.75,116,0,True,10,125.0,616.448,867.9,616,30332,168784,0,275,8325474,0.0388,0.0351
2026-05-28T16:26:12.730868307+00:00,1573451f0dff21d1,4,1,228,228,228,0,93.89,0.0,-27,12.75,102,0,True,10,125.0,616.448,868.1,616,36331,140448,0,229,8310911,0.0395,0.0357
2026-05-28T16:26:34.759235798+00:00,9e70e30d570f93f5,1,1,275,275,275,0,99.64,0.0,-12,9.5,117,0,True,10,125.0,616.448,868.1,616,30332,169400,0,276,8355806,0.0388,0.0351
2026-05-28T16:26:49.089835902+00:00,1573451f0dff21d1,4,1,229,229,229,0,93.91,0.0,-28,13.0,101,0,True,10,125.0,616.448,868.1,616,36331,141064,0,230,8347242,0.0394,0.0357
2026-05-28T16:27:05.108356166+00:00,9e70e30d570f93f5,1,1,276,276,276,0,99.64,0.0,-11,10.25,118,0,True,10,125.0,616.448,868.1,616,30332,170016,0,277,8386138,0.0388,0.0351
2026-05-28T16:27:25.417324783+00:00,1573451f0dff21d1,4,1,230,230,230,0,93.94,0.0,-29,10.5,100,0,True,10,125.0,616.448,867.7,616,36331,141680,0,231,8383573,0.0395,0.0357
2026-05-28T16:27:35.437771497+00:00,9e70e30d570f93f5,1,1,277,277,277,0,99.64,0.0,-10,9.5,119,0,True,10,125.0,616.448,868.5,616,30332,170632,0,278,8416470,0.0388,0.0351
2026-05-28T16:28:01.745660478+00:00,1573451f0dff21d1,4,1,231,231,231,0,93.97,0.0,-28,13.0,101,0,True,10,125.0,616.448,868.1,616,36331,142296,0,232,8419904,0.0393,0.0355
2026-05-28T16:28:05.777781763+00:00,9e70e30d570f93f5,1,1,278,278,278,0,99.64,0.0,-15,9.0,114,0,True,10,125.0,616.448,867.9,616,30332,171248,0,279,8446802,0.0427,0.0386
2026-05-28T16:28:36.105385206+00:00,9e70e30d570f93f5,1,1,279,279,279,0,99.64,0.0,-10,9.25,119,0,True,10,125.0,616.448,868.5,616,30332,171864,0,280,8477134,0.0398,0.036
2026-05-28T16:29:06.446968697+00:00,9e70e30d570f93f5,1,1,280,280,280,0,99.64,0.0,-15,10.0,114,0,True,10,125.0,616.448,867.9,616,30332,172480,0,281,8507466,0.037,0.037
2026-05-28T16:29:15.646360180+00:00,1573451f0dff21d1,4,1,233,233,233,0,93.59,0.0,-22,10.75,107,1,False,10,125.0,616.448,867.7,616,37515,143528,0,234,8493750,0.0394,0.0357
2026-05-28T16:29:36.762660520+00:00,9e70e30d570f93f5,1,1,281,281,281,0,99.65,0.0,-12,9.0,117,0,True,10,125.0,616.448,867.9,616,30332,173096,0,282,8537798,0.0388,0.0351
2026-05-28T16:29:51.864056333+00:00,1573451f0dff21d1,4,1,234,234,234,0,93.62,0.0,-27,13.0,102,0,True,10,125.0,616.448,867.9,616,36290,144144,0,235,8530040,0.0395,0.0357
2026-05-28T16:30:07.093753506+00:00,9e70e30d570f93f5,1,1,282,282,282,0,99.65,0.0,-15,11.75,114,0,True,10,125.0,616.448,867.7,616,30332,173712,0,283,8568130,0.0388,0.0351
2026-05-28T16:30:28.194236202+00:00,1573451f0dff21d1,4,1,235,235,235,0,93.64,0.0,-20,11.0,109,0,True,10,125.0,616.448,868.3,616,36331,144760,0,236,8566371,0.0395,0.0357
2026-05-28T16:30:37.415420594+00:00,9e70e30d570f93f5,1,1,283,283,283,0,99.65,0.0,-12,13.5,117,0,True,10,125.0,616.448,868.3,616,30332,174328,0,284,8598462,0.0388,0.0351
2026-05-28T16:31:04.528288287+00:00,1573451f0dff21d1,4,1,236,236,236,0,93.67,0.0,-25,11.0,104,0,True,10,125.0,616.448,867.7,616,36331,145376,0,237,8602702,0.0392,0.0354
2026-05-28T16:31:07.752475646+00:00,9e70e30d570f93f5,1,1,284,284,284,0,99.65,0.0,-15,10.25,114,0,True,10,125.0,616.448,867.7,616,30332,174944,0,285,8628794,0.0391,0.0353
2026-05-28T16:31:38.084058610+00:00,9e70e30d570f93f5,1,1,285,285,285,0,99.65,0.0,-12,14.0,117,0,True,10,125.0,616.448,868.3,616,30332,175560,0,286,8659126,0.0388,0.0351
2026-05-28T16:31:40.859973905+00:00,1573451f0dff21d1,4,1,237,237,237,0,93.7,0.0,-23,10.25,106,0,True,10,125.0,616.448,867.7,616,36331,145992,0,238,8639033,0.0395,0.0357
2026-05-28T16:32:08.416080275+00:00,9e70e30d570f93f5,1,1,286,286,286,0,99.65,0.0,-13,10.5,116,0,True,10,125.0,616.448,868.1,616,30332,176176,0,287,8689458,0.0388,0.0351
2026-05-28T16:32:17.183542236+00:00,1573451f0dff21d1,4,1,238,238,238,0,93.72,0.0,-26,12.0,103,0,True,10,125.0,616.448,867.9,616,36331,146608,0,239,8675364,0.0395,0.0357
2026-05-28T16:32:38.752591339+00:00,9e70e30d570f93f5,1,1,287,287,287,0,99.65,0.0,-11,13.5,118,0,True,10,125.0,616.448,868.3,616,30332,176792,0,288,8719790,0.0388,0.0351
2026-05-28T16:32:53.526560090+00:00,1573451f0dff21d1,4,1,239,239,239,0,93.75,0.0,-26,11.75,103,0,True,10,125.0,616.448,868.3,616,36331,147224,0,240,8711695,0.0395,0.0357
2026-05-28T16:33:09.087757446+00:00,9e70e30d570f93f5,1,1,288,288,288,0,99.65,0.0,-10,8.5,119,0,True,10,125.0,616.448,868.5,616,30332,177408,0,289,8750122,0.0388,0.0351
2026-05-28T16:33:29.852541448+00:00,1573451f0dff21d1,4,1,240,240,240,0,93.78,0.0,-24,7.5,105,0,True,10,125.0,616.448,868.5,616,36331,147840,0,241,8748026,0.0395,0.0357
2026-05-28T16:33:39.417368142+00:00,9e70e30d570f93f5,1,1,289,289,289,0,99.66,0.0,-11,8.75,118,0,True,10,125.0,616.448,867.7,616,30332,178024,0,290,8780454,0.0388,0.0351
2026-05-28T16:34:06.177975058+00:00,1573451f0dff21d1,4,1,241,241,241,0,93.8,0.0,-22,9.0,107,0,True,10,125.0,616.448,868.3,616,36331,148456,0,242,8784357,0.0392,0.0355
2026-05-28T16:34:09.746558803+00:00,9e70e30d570f93f5,1,1,290,290,290,0,99.66,0.0,-13,13.5,116,0,True,10,125.0,616.448,868.3,616,30332,178640,0,291,8810786,0.0427,0.0386
2026-05-28T16:34:40.077875656+00:00,9e70e30d570f93f5,1,1,291,291,291,0,99.66,0.0,-12,10.5,117,0,True,10,125.0,616.448,867.9,616,30332,179256,0,292,8841118,0.0399,0.0361
2026-05-28T16:34:42.509414148+00:00,1573451f0dff21d1,4,1,242,242,242,0,93.83,0.0,-27,12.25,102,0,True,10,125.0,616.448,868.3,616,36331,149072,0,243,8820688,0.0403,0.0403
2026-05-28T16:35:10.408243708+00:00,9e70e30d570f93f5,1,1,292,292,292,0,99.66,0.0,-12,10.5,117,0,True,10,125.0,616.448,868.1,616,30332,179872,0,293,8871450,0.0387,0.0387
2026-05-28T16:35:18.838516194+00:00,1573451f0dff21d1,4,1,243,243,243,0,93.85,0.0,-24,7.75,105,0,True,10,125.0,616.448,868.5,616,36331,149688,0,244,8857019,0.0395,0.0395
2026-05-28T16:35:40.741395845+00:00,9e70e30d570f93f5,1,1,293,293,293,0,99.66,0.0,-12,9.5,117,0,True,10,125.0,616.448,868.1,616,30332,180488,0,294,8901782,0.0394,0.0394
2026-05-28T16:35:55.171953956+00:00,1573451f0dff21d1,4,1,244,244,244,0,93.88,0.0,-27,11.0,102,0,True,10,125.0,616.448,868.3,616,36331,150304,0,245,8893350,0.0388,0.0388
2026-05-28T16:36:11.078577104+00:00,9e70e30d570f93f5,1,1,294,294,294,0,99.66,0.0,-13,14.0,116,0,True,10,125.0,616.448,868.3,616,30332,181104,0,295,8932114,0.0402,0.0402
2026-05-28T16:36:31.509829292+00:00,1573451f0dff21d1,4,1,245,245,245,0,93.9,0.0,-22,11.25,107,0,True,10,125.0,616.448,867.7,616,36331,150920,0,246,8929681,0.0381,0.0381
2026-05-28T16:36:41.411014969+00:00,9e70e30d570f93f5,1,1,295,295,295,0,99.66,0.0,-10,10.5,119,0,True,10,125.0,616.448,868.1,616,30332,181720,0,296,8962446,0.0406,0.0406
2026-05-28T16:37:07.843414054+00:00,1573451f0dff21d1,4,1,246,246,246,0,93.93,0.0,-25,10.75,104,0,True,10,125.0,616.448,868.3,616,36331,151536,0,247,8966012,0.0377,0.0377
2026-05-28T16:37:11.746266006+00:00,9e70e30d570f93f5,1,1,296,296,296,0,99.66,0.0,-12,9.25,117,0,True,10,125.0,616.448,868.1,616,30332,182336,0,297,8992778,0.0406,0.0406
2026-05-28T16:37:42.077074252+00:00,9e70e30d570f93f5,1,1,297,297,297,0,99.66,0.0,-10,8.75,119,0,True,10,125.0,616.448,868.5,616,30332,182952,0,298,9023110,0.0379,0.0379
2026-05-28T16:38:12.407467804+00:00,9e70e30d570f93f5,1,1,298,298,298,0,99.67,0.0,-15,10.5,114,0,True,10,125.0,616.448,868.1,616,30332,183568,0,299,9053442,0.037,0.037
2026-05-28T16:38:21.641175657+00:00,1573451f0dff21d1,4,1,248,248,248,0,93.57,0.0,-29,11.5,100,1,False,10,125.0,616.448,868.1,616,37515,152768,0,249,9039858,0.0395,0.0357
2026-05-28T16:38:42.743410268+00:00,9e70e30d570f93f5,1,1,299,299,299,0,99.67,0.0,-12,10.5,117,0,True,10,125.0,616.448,867.7,616,30332,184184,0,300,9083774,0.0388,0.0351
2026-05-28T16:38:57.981602328+00:00,1573451f0dff21d1,4,1,249,249,249,0,93.6,0.0,-28,12.75,101,0,True,10,125.0,616.448,868.1,616,36290,153384,0,250,9076148,0.0395,0.0357
2026-05-28T16:39:13.099833536+00:00,9e70e30d570f93f5,1,1,300,300,300,0,99.67,0.0,-13,11.25,116,0,True,10,125.0,616.448,867.7,616,30332,184800,0,301,9114106,0.0388,0.0351
2026-05-28T16:39:34.327584042+00:00,1573451f0dff21d1,4,1,250,250,250,0,93.63,0.0,-29,12.5,100,0,True,10,125.0,616.448,867.9,616,36331,154000,0,251,9112479,0.0394,0.0357
2026-05-28T16:39:43.420747888+00:00,9e70e30d570f93f5,1,1,301,301,301,0,99.67,0.0,-10,10.5,119,0,True,10,125.0,616.448,867.9,616,30332,185416,0,302,9144438,0.0388,0.0351
2026-05-28T16:40:10.658768542+00:00,1573451f0dff21d1,4,1,251,251,251,0,93.65,0.0,-21,10.75,108,0,True,10,125.0,616.448,867.7,616,36331,154616,0,252,9148810,0.0392,0.0354
2026-05-28T16:40:13.754121975+00:00,9e70e30d570f93f5,1,1,302,302,302,0,99.67,0.0,-15,10.75,114,0,True,10,125.0,616.448,867.7,616,30332,186032,0,303,9174770,0.0391,0.0354
2026-05-28T16:40:44.097566218+00:00,9e70e30d570f93f5,1,1,303,303,303,0,99.67,0.0,-12,11.75,117,0,True,10,125.0,616.448,868.3,616,30332,186648,0,304,9205102,0.0388,0.0351
2026-05-28T16:40:46.991698647+00:00,1573451f0dff21d1,4,1,252,252,252,0,93.68,0.0,-30,13.5,99,0,True,10,125.0,616.448,868.1,616,36331,155232,0,253,9185141,0.0394,0.0357
2026-05-28T16:41:14.582695521+00:00,9e70e30d570f93f5,1,1,304,304,304,0,99.67,0.0,-12,10.5,117,0,True,10,125.0,616.448,868.1,616,30332,187264,0,305,9235434,0.0388,0.0351
2026-05-28T16:41:23.297576934+00:00,1573451f0dff21d1,4,1,253,253,253,0,93.7,0.0,-22,9.75,107,0,True,10,125.0,616.448,867.7,616,36331,155848,0,254,9221472,0.0395,0.0357
2026-05-28T16:41:45.871779951+00:00,9e70e30d570f93f5,1,1,305,305,305,0,99.67,0.0,-12,13.5,117,0,True,10,125.0,616.448,867.7,616,31514,187880,0,306,9266948,0.0387,0.035
2026-05-28T16:41:59.627670839+00:00,1573451f0dff21d1,4,1,254,254,254,0,93.73,0.0,-26,13.0,103,0,True,10,125.0,616.448,867.9,616,36331,156464,0,255,9257803,0.0395,0.0357
2026-05-28T16:42:16.199342521+00:00,9e70e30d570f93f5,1,1,306,306,306,0,99.67,0.0,-11,11.5,118,0,True,10,125.0,616.448,868.3,616,30290,188496,0,307,9297238,0.0387,0.035
2026-05-28T16:42:35.960085511+00:00,1573451f0dff21d1,4,1,255,255,255,0,93.75,0.0,-23,7.75,106,0,True,10,125.0,616.448,868.5,616,36331,157080,0,256,9294134,0.0395,0.0357
2026-05-28T16:42:46.543455391+00:00,9e70e30d570f93f5,1,1,307,307,307,0,99.68,0.0,-12,10.0,117,0,True,10,125.0,616.448,867.9,616,30332,189112,0,308,9327570,0.0387,0.035
2026-05-28T16:43:12.296221503+00:00,1573451f0dff21d1,4,1,256,256,256,0,93.77,0.0,-29,12.75,100,0,True,10,125.0,616.448,868.1,616,36331,157696,0,257,9330465,0.0392,0.0355
2026-05-28T16:43:16.869127529+00:00,9e70e30d570f93f5,1,1,308,308,308,0,99.68,0.0,-13,9.5,116,0,True,10,125.0,616.448,867.7,616,30332,189728,0,309,9357902,0.0425,0.0385
2026-05-28T16:43:47.202596245+00:00,9e70e30d570f93f5,1,1,309,309,309,0,99.68,0.0,-11,10.75,118,0,True,10,125.0,616.448,867.9,616,30332,190344,0,310,9388234,0.0398,0.036
2026-05-28T16:44:17.528775376+00:00,9e70e30d570f93f5,1,1,310,310,310,0,99.68,0.0,-12,10.75,117,0,True,10,125.0,616.448,868.1,616,30332,190960,0,311,9418566,0.0368,0.0368
2026-05-28T16:44:26.110606505+00:00,1573451f0dff21d1,4,1,258,258,258,0,93.44,0.0,-30,12.5,99,1,False,10,125.0,616.448,867.9,616,37514,158928,0,259,9404310,0.0395,0.0357
2026-05-28T16:44:47.871634557+00:00,9e70e30d570f93f5,1,1,311,311,311,0,99.68,0.0,-10,8.25,119,0,True,10,125.0,616.448,868.5,616,30332,191576,0,312,9448898,0.0387,0.035
2026-05-28T16:45:02.434528827+00:00,1573451f0dff21d1,4,1,259,259,259,0,93.46,0.0,-24,7.0,105,0,True,10,125.0,616.448,868.5,616,36290,159544,0,260,9440600,0.0395,0.0357
2026-05-28T16:45:18.203719745+00:00,9e70e30d570f93f5,1,1,312,312,312,0,99.68,0.0,-13,10.25,116,0,True,10,125.0,616.448,868.1,616,30332,192192,0,313,9479230,0.0387,0.035
2026-05-28T16:45:38.772948318+00:00,1573451f0dff21d1,4,1,260,260,260,0,93.49,0.0,-27,7.0,102,0,True,10,125.0,616.448,868.5,616,36331,160160,0,261,9476931,0.0395,0.0357
2026-05-28T16:45:48.529963179+00:00,9e70e30d570f93f5,1,1,313,313,313,0,99.68,0.0,-11,11.5,118,0,True,10,125.0,616.448,867.9,616,30332,192808,0,314,9509562,0.0387,0.035
2026-05-28T16:46:15.097810551+00:00,1573451f0dff21d1,4,1,261,261,261,0,93.51,0.0,-24,10.25,105,0,True,10,125.0,616.448,868.3,616,36331,160776,0,262,9513262,0.0391,0.0354
2026-05-28T16:46:18.862379811+00:00,9e70e30d570f93f5,1,1,314,314,314,0,99.68,0.0,-13,13.5,116,0,True,10,125.0,616.448,868.3,616,30332,193424,0,315,9539894,0.039,0.0353
2026-05-28T16:46:49.191402500+00:00,9e70e30d570f93f5,1,1,315,315,315,0,99.68,0.0,-9,8.75,120,0,True,10,125.0,616.448,868.5,616,30332,194040,0,316,9570226,0.0387,0.035
2026-05-28T16:46:51.421338327+00:00,1573451f0dff21d1,4,1,262,262,262,0,93.54,0.0,-25,10.25,104,0,True,10,125.0,616.448,868.3,616,36331,161392,0,263,9549593,0.0395,0.0357
2026-05-28T16:47:19.535703813+00:00,9e70e30d570f93f5,1,1,316,316,316,0,99.68,0.0,-13,12.0,116,0,True,10,125.0,616.448,868.1,616,30332,194656,0,317,9600558,0.0388,0.0351
2026-05-28T16:47:27.758155791+00:00,1573451f0dff21d1,4,1,263,263,263,0,93.56,0.0,-26,12.25,103,0,True,10,125.0,616.448,868.1,616,36331,162008,0,264,9585924,0.0395,0.0357
2026-05-28T16:47:49.857374865+00:00,9e70e30d570f93f5,1,1,317,317,317,0,99.69,0.0,-12,13.5,117,0,True,10,125.0,616.448,868.1,616,30332,195272,0,318,9630890,0.0388,0.0351
2026-05-28T16:48:04.085463530+00:00,1573451f0dff21d1,4,1,264,264,264,0,93.58,0.0,-26,12.5,103,0,True,10,125.0,616.448,868.1,616,36331,162624,0,265,9622255,0.0395,0.0357
2026-05-28T16:48:20.201990550+00:00,9e70e30d570f93f5,1,1,318,318,318,0,99.69,0.0,-13,10.25,116,0,True,10,125.0,616.448,867.9,616,30332,195888,0,319,9661222,0.0388,0.0351
2026-05-28T16:48:40.418167667+00:00,1573451f0dff21d1,4,1,265,265,265,0,93.61,0.0,-27,12.75,102,0,True,10,125.0,616.448,867.9,616,36331,163240,0,266,9658586,0.0395,0.0357
2026-05-28T16:48:50.522831467+00:00,9e70e30d570f93f5,1,1,319,319,319,0,99.69,0.0,-11,12.5,118,0,True,10,125.0,616.448,867.7,616,30332,196504,0,320,9691554,0.0388,0.0351
2026-05-28T16:49:16.742622062+00:00,1573451f0dff21d1,4,1,266,266,266,0,93.63,0.0,-24,8.25,105,0,True,10,125.0,616.448,868.3,616,36331,163856,0,267,9694917,0.0393,0.0355
2026-05-28T16:49:20.851689110+00:00,9e70e30d570f93f5,1,1,320,320,320,0,99.69,0.0,-10,9.75,119,0,True,10,125.0,616.448,868.5,616,30332,197120,0,321,9721886,0.0427,0.0386
2026-05-28T16:49:51.197211586+00:00,9e70e30d570f93f5,1,1,321,321,321,0,99.69,0.0,-12,12.0,117,0,True,10,125.0,616.448,867.7,616,30332,197736,0,322,9752218,0.0398,0.036
2026-05-28T16:49:53.076611572+00:00,1573451f0dff21d1,4,1,267,267,267,0,93.66,0.0,-99,8.0,30,0,True,10,125.0,616.448,868.5,616,36331,164472,0,268,9731248,0.0404,0.0404
2026-05-28T16:50:21.521907867+00:00,9e70e30d570f93f5,1,1,322,322,322,0,99.69,0.0,-10,9.0,119,0,True,10,125.0,616.448,868.5,616,30332,198352,0,323,9782550,0.0386,0.0386
2026-05-28T16:50:29.415814321+00:00,1573451f0dff21d1,4,1,268,268,268,0,93.68,0.0,-27,12.25,102,0,True,10,125.0,616.448,868.1,616,36331,165088,0,269,9767579,0.0396,0.0396
2026-05-28T16:50:51.860432871+00:00,9e70e30d570f93f5,1,1,323,323,323,0,99.69,0.0,-11,11.75,118,0,True,10,125.0,616.448,868.3,616,30332,198968,0,324,9812882,0.0394,0.0394
2026-05-28T16:51:05.738015682+00:00,1573451f0dff21d1,4,1,269,269,269,0,93.7,0.0,-24,7.75,105,0,True,10,125.0,616.448,868.5,616,36331,165704,0,270,9803910,0.0389,0.0389
2026-05-28T16:51:22.212377578+00:00,9e70e30d570f93f5,1,1,324,324,324,0,99.69,0.0,-15,13.5,114,0,True,10,125.0,616.448,867.7,616,30332,199584,0,325,9843214,0.0401,0.0401
2026-05-28T16:51:42.088563153+00:00,1573451f0dff21d1,4,1,270,270,270,0,93.73,0.0,-29,12.75,100,0,True,10,125.0,616.448,868.1,616,36331,166320,0,271,9840241,0.0381,0.0381
2026-05-28T16:51:52.536063429+00:00,9e70e30d570f93f5,1,1,325,325,325,0,99.69,0.0,-12,14.25,117,0,True,10,125.0,616.448,867.7,616,30332,200200,0,326,9873546,0.0406,0.0406
2026-05-28T16:52:18.418381184+00:00,1573451f0dff21d1,4,1,271,271,271,0,93.75,0.0,-27,12.75,102,0,True,10,125.0,616.448,867.9,616,36331,166936,0,272,9876572,0.0377,0.0377
2026-05-28T16:52:22.866351596+00:00,9e70e30d570f93f5,1,1,326,326,326,0,99.69,0.0,-10,9.25,119,0,True,10,125.0,616.448,868.5,616,30332,200816,0,327,9903878,0.0406,0.0406
2026-05-28T16:52:53.200435780+00:00,9e70e30d570f93f5,1,1,327,327,327,0,99.7,0.0,-10,13.25,119,0,True,10,125.0,616.448,868.3,616,30332,201432,0,328,9934210,0.0379,0.0379
